[0.649s] DEBUG:colcon:Command line arguments: ['/usr/bin/colcon', 'build', '--packages-select', 'test']
[0.649s] DEBUG:colcon:Parsed command line arguments: Namespace(log_base=None, log_level=None, verb_name='build', build_base='build', install_base='install', merge_install=False, symlink_install=False, test_result_base=None, continue_on_error=False, executor='parallel', parallel_workers=6, event_handlers=None, ignore_user_meta=False, metas=['./colcon.meta'], base_paths=['.'], packages_ignore=None, packages_ignore_regex=None, paths=None, packages_up_to=None, packages_up_to_regex=None, packages_above=None, packages_above_and_dependencies=None, packages_above_depth=None, packages_select_by_dep=None, packages_skip_by_dep=None, packages_skip_up_to=None, packages_select_build_failed=False, packages_skip_build_finished=False, packages_select_test_failures=False, packages_skip_test_passed=False, packages_select=['test'], packages_skip=None, packages_select_regex=None, packages_skip_regex=None, packages_start=None, packages_end=None, allow_overriding=[], cmake_args=None, cmake_target=None, cmake_target_skip_unavailable=False, cmake_clean_cache=False, cmake_clean_first=False, cmake_force_configure=False, ament_cmake_args=None, catkin_cmake_args=None, catkin_skip_building_tests=False, mixin_files=None, mixin=None, verb_parser=<colcon_mixin.mixin.mixin_argument.MixinArgumentDecorator object at 0x7393cef9c5b0>, verb_extension=<colcon_core.verb.build.BuildVerb object at 0x7393cef9c0a0>, main=<bound method BuildVerb.main of <colcon_core.verb.build.BuildVerb object at 0x7393cef9c0a0>>, mixin_verb=('build',))
[1.951s] Level 1:colcon.colcon_core.package_discovery:discover_packages(colcon_meta) check parameters
[1.951s] Level 1:colcon.colcon_core.package_discovery:discover_packages(recursive) check parameters
[1.952s] Level 1:colcon.colcon_core.package_discovery:discover_packages(ignore) check parameters
[1.952s] Level 1:colcon.colcon_core.package_discovery:discover_packages(path) check parameters
[1.952s] Level 1:colcon.colcon_core.package_discovery:discover_packages(colcon_meta) discover
[1.952s] Level 1:colcon.colcon_core.package_discovery:discover_packages(recursive) discover
[1.952s] INFO:colcon.colcon_core.package_discovery:Crawling recursively for packages in '/home/liliana/ros2_ws/robot-repo-ros2/src'
[1.952s] Level 1:colcon.colcon_core.package_identification:_identify(.) by extensions ['ignore', 'ignore_ament_install']
[1.952s] Level 1:colcon.colcon_core.package_identification:_identify(.) by extension 'ignore'
[1.953s] Level 1:colcon.colcon_core.package_identification:_identify(.) by extension 'ignore_ament_install'
[1.953s] Level 1:colcon.colcon_core.package_identification:_identify(.) by extensions ['colcon_pkg']
[1.953s] Level 1:colcon.colcon_core.package_identification:_identify(.) by extension 'colcon_pkg'
[1.953s] Level 1:colcon.colcon_core.package_identification:_identify(.) by extensions ['colcon_meta']
[1.953s] Level 1:colcon.colcon_core.package_identification:_identify(.) by extension 'colcon_meta'
[1.953s] Level 1:colcon.colcon_core.package_identification:_identify(.) by extensions ['ros']
[1.953s] Level 1:colcon.colcon_core.package_identification:_identify(.) by extension 'ros'
[1.998s] Level 1:colcon.colcon_core.package_identification:_identify(.) by extensions ['cmake', 'python']
[1.998s] Level 1:colcon.colcon_core.package_identification:_identify(.) by extension 'cmake'
[1.998s] Level 1:colcon.colcon_core.package_identification:_identify(.) by extension 'python'
[1.998s] Level 1:colcon.colcon_core.package_identification:_identify(.) by extensions ['python_setup_py']
[1.998s] Level 1:colcon.colcon_core.package_identification:_identify(.) by extension 'python_setup_py'
[1.999s] Level 1:colcon.colcon_core.package_identification:_identify(absenc_interface) by extensions ['ignore', 'ignore_ament_install']
[2.000s] Level 1:colcon.colcon_core.package_identification:_identify(absenc_interface) by extension 'ignore'
[2.000s] Level 1:colcon.colcon_core.package_identification:_identify(absenc_interface) by extension 'ignore_ament_install'
[2.000s] Level 1:colcon.colcon_core.package_identification:_identify(absenc_interface) by extensions ['colcon_pkg']
[2.000s] Level 1:colcon.colcon_core.package_identification:_identify(absenc_interface) by extension 'colcon_pkg'
[2.000s] Level 1:colcon.colcon_core.package_identification:_identify(absenc_interface) by extensions ['colcon_meta']
[2.000s] Level 1:colcon.colcon_core.package_identification:_identify(absenc_interface) by extension 'colcon_meta'
[2.001s] Level 1:colcon.colcon_core.package_identification:_identify(absenc_interface) by extensions ['ros']
[2.001s] Level 1:colcon.colcon_core.package_identification:_identify(absenc_interface) by extension 'ros'
[2.014s] DEBUG:colcon.colcon_core.package_identification:Package 'absenc_interface' with type 'ros.ament_cmake' and name 'absenc_interface'
[2.015s] Level 1:colcon.colcon_core.package_identification:_identify(arm_controller) by extensions ['ignore', 'ignore_ament_install']
[2.015s] Level 1:colcon.colcon_core.package_identification:_identify(arm_controller) by extension 'ignore'
[2.015s] Level 1:colcon.colcon_core.package_identification:_identify(arm_controller) by extension 'ignore_ament_install'
[2.016s] Level 1:colcon.colcon_core.package_identification:_identify(arm_controller) by extensions ['colcon_pkg']
[2.016s] Level 1:colcon.colcon_core.package_identification:_identify(arm_controller) by extension 'colcon_pkg'
[2.016s] Level 1:colcon.colcon_core.package_identification:_identify(arm_controller) by extensions ['colcon_meta']
[2.016s] Level 1:colcon.colcon_core.package_identification:_identify(arm_controller) by extension 'colcon_meta'
[2.016s] Level 1:colcon.colcon_core.package_identification:_identify(arm_controller) by extensions ['ros']
[2.016s] Level 1:colcon.colcon_core.package_identification:_identify(arm_controller) by extension 'ros'
[2.018s] DEBUG:colcon.colcon_core.package_identification:Package 'arm_controller' with type 'ros.ament_cmake' and name 'arm_controller'
[2.018s] Level 1:colcon.colcon_core.package_identification:_identify(build) by extensions ['ignore', 'ignore_ament_install']
[2.018s] Level 1:colcon.colcon_core.package_identification:_identify(build) by extension 'ignore'
[2.018s] Level 1:colcon.colcon_core.package_identification:_identify(build) ignored
[2.020s] Level 1:colcon.colcon_core.package_identification:_identify(gps_py) by extensions ['ignore', 'ignore_ament_install']
[2.020s] Level 1:colcon.colcon_core.package_identification:_identify(gps_py) by extension 'ignore'
[2.020s] Level 1:colcon.colcon_core.package_identification:_identify(gps_py) by extension 'ignore_ament_install'
[2.020s] Level 1:colcon.colcon_core.package_identification:_identify(gps_py) by extensions ['colcon_pkg']
[2.021s] Level 1:colcon.colcon_core.package_identification:_identify(gps_py) by extension 'colcon_pkg'
[2.021s] Level 1:colcon.colcon_core.package_identification:_identify(gps_py) by extensions ['colcon_meta']
[2.021s] Level 1:colcon.colcon_core.package_identification:_identify(gps_py) by extension 'colcon_meta'
[2.021s] Level 1:colcon.colcon_core.package_identification:_identify(gps_py) by extensions ['ros']
[2.021s] Level 1:colcon.colcon_core.package_identification:_identify(gps_py) by extension 'ros'
[2.023s] DEBUG:colcon.colcon_core.package_identification:Package 'gps_py' with type 'ros.ament_python' and name 'gps_py'
[2.024s] Level 1:colcon.colcon_core.package_identification:_identify(install) by extensions ['ignore', 'ignore_ament_install']
[2.024s] Level 1:colcon.colcon_core.package_identification:_identify(install) by extension 'ignore'
[2.024s] Level 1:colcon.colcon_core.package_identification:_identify(install) ignored
[2.024s] Level 1:colcon.colcon_core.package_identification:_identify(inverse-kinematics) by extensions ['ignore', 'ignore_ament_install']
[2.025s] Level 1:colcon.colcon_core.package_identification:_identify(inverse-kinematics) by extension 'ignore'
[2.025s] Level 1:colcon.colcon_core.package_identification:_identify(inverse-kinematics) by extension 'ignore_ament_install'
[2.025s] Level 1:colcon.colcon_core.package_identification:_identify(inverse-kinematics) by extensions ['colcon_pkg']
[2.025s] Level 1:colcon.colcon_core.package_identification:_identify(inverse-kinematics) by extension 'colcon_pkg'
[2.025s] Level 1:colcon.colcon_core.package_identification:_identify(inverse-kinematics) by extensions ['colcon_meta']
[2.025s] Level 1:colcon.colcon_core.package_identification:_identify(inverse-kinematics) by extension 'colcon_meta'
[2.025s] Level 1:colcon.colcon_core.package_identification:_identify(inverse-kinematics) by extensions ['ros']
[2.025s] Level 1:colcon.colcon_core.package_identification:_identify(inverse-kinematics) by extension 'ros'
[2.025s] Level 1:colcon.colcon_core.package_identification:_identify(inverse-kinematics) by extensions ['cmake', 'python']
[2.026s] Level 1:colcon.colcon_core.package_identification:_identify(inverse-kinematics) by extension 'cmake'
[2.026s] Level 1:colcon.colcon_core.package_identification:_identify(inverse-kinematics) by extension 'python'
[2.026s] Level 1:colcon.colcon_core.package_identification:_identify(inverse-kinematics) by extensions ['python_setup_py']
[2.026s] Level 1:colcon.colcon_core.package_identification:_identify(inverse-kinematics) by extension 'python_setup_py'
[2.027s] Level 1:colcon.colcon_core.package_identification:_identify(inverse-kinematics/arm_hardware) by extensions ['ignore', 'ignore_ament_install']
[2.027s] Level 1:colcon.colcon_core.package_identification:_identify(inverse-kinematics/arm_hardware) by extension 'ignore'
[2.027s] Level 1:colcon.colcon_core.package_identification:_identify(inverse-kinematics/arm_hardware) by extension 'ignore_ament_install'
[2.028s] Level 1:colcon.colcon_core.package_identification:_identify(inverse-kinematics/arm_hardware) by extensions ['colcon_pkg']
[2.028s] Level 1:colcon.colcon_core.package_identification:_identify(inverse-kinematics/arm_hardware) by extension 'colcon_pkg'
[2.028s] Level 1:colcon.colcon_core.package_identification:_identify(inverse-kinematics/arm_hardware) by extensions ['colcon_meta']
[2.028s] Level 1:colcon.colcon_core.package_identification:_identify(inverse-kinematics/arm_hardware) by extension 'colcon_meta'
[2.028s] Level 1:colcon.colcon_core.package_identification:_identify(inverse-kinematics/arm_hardware) by extensions ['ros']
[2.028s] Level 1:colcon.colcon_core.package_identification:_identify(inverse-kinematics/arm_hardware) by extension 'ros'
[2.031s] DEBUG:colcon.colcon_core.package_identification:Package 'inverse-kinematics/arm_hardware' with type 'ros.ament_cmake' and name 'arm_hardware'
[2.032s] Level 1:colcon.colcon_core.package_identification:_identify(inverse-kinematics/build) by extensions ['ignore', 'ignore_ament_install']
[2.032s] Level 1:colcon.colcon_core.package_identification:_identify(inverse-kinematics/build) by extension 'ignore'
[2.032s] Level 1:colcon.colcon_core.package_identification:_identify(inverse-kinematics/build) by extension 'ignore_ament_install'
[2.033s] Level 1:colcon.colcon_core.package_identification:_identify(inverse-kinematics/build) by extensions ['colcon_pkg']
[2.033s] Level 1:colcon.colcon_core.package_identification:_identify(inverse-kinematics/build) by extension 'colcon_pkg'
[2.033s] Level 1:colcon.colcon_core.package_identification:_identify(inverse-kinematics/build) by extensions ['colcon_meta']
[2.033s] Level 1:colcon.colcon_core.package_identification:_identify(inverse-kinematics/build) by extension 'colcon_meta'
[2.033s] Level 1:colcon.colcon_core.package_identification:_identify(inverse-kinematics/build) by extensions ['ros']
[2.033s] Level 1:colcon.colcon_core.package_identification:_identify(inverse-kinematics/build) by extension 'ros'
[2.033s] Level 1:colcon.colcon_core.package_identification:_identify(inverse-kinematics/build) by extensions ['cmake', 'python']
[2.033s] Level 1:colcon.colcon_core.package_identification:_identify(inverse-kinematics/build) by extension 'cmake'
[2.033s] Level 1:colcon.colcon_core.package_identification:_identify(inverse-kinematics/build) by extension 'python'
[2.034s] Level 1:colcon.colcon_core.package_identification:_identify(inverse-kinematics/build) by extensions ['python_setup_py']
[2.034s] Level 1:colcon.colcon_core.package_identification:_identify(inverse-kinematics/build) by extension 'python_setup_py'
[2.034s] Level 1:colcon.colcon_core.package_identification:_identify(inverse-kinematics/build/rover_arm_bringup) by extensions ['ignore', 'ignore_ament_install']
[2.035s] Level 1:colcon.colcon_core.package_identification:_identify(inverse-kinematics/build/rover_arm_bringup) by extension 'ignore'
[2.035s] Level 1:colcon.colcon_core.package_identification:_identify(inverse-kinematics/build/rover_arm_bringup) by extension 'ignore_ament_install'
[2.035s] Level 1:colcon.colcon_core.package_identification:_identify(inverse-kinematics/build/rover_arm_bringup) by extensions ['colcon_pkg']
[2.035s] Level 1:colcon.colcon_core.package_identification:_identify(inverse-kinematics/build/rover_arm_bringup) by extension 'colcon_pkg'
[2.035s] Level 1:colcon.colcon_core.package_identification:_identify(inverse-kinematics/build/rover_arm_bringup) by extensions ['colcon_meta']
[2.035s] Level 1:colcon.colcon_core.package_identification:_identify(inverse-kinematics/build/rover_arm_bringup) by extension 'colcon_meta'
[2.035s] Level 1:colcon.colcon_core.package_identification:_identify(inverse-kinematics/build/rover_arm_bringup) by extensions ['ros']
[2.035s] Level 1:colcon.colcon_core.package_identification:_identify(inverse-kinematics/build/rover_arm_bringup) by extension 'ros'
[2.036s] Level 1:colcon.colcon_core.package_identification:_identify(inverse-kinematics/build/rover_arm_bringup) by extensions ['cmake', 'python']
[2.036s] Level 1:colcon.colcon_core.package_identification:_identify(inverse-kinematics/build/rover_arm_bringup) by extension 'cmake'
[2.036s] Level 1:colcon.colcon_core.package_identification:_identify(inverse-kinematics/build/rover_arm_bringup) by extension 'python'
[2.036s] Level 1:colcon.colcon_core.package_identification:_identify(inverse-kinematics/build/rover_arm_bringup) by extensions ['python_setup_py']
[2.036s] Level 1:colcon.colcon_core.package_identification:_identify(inverse-kinematics/build/rover_arm_bringup) by extension 'python_setup_py'
[2.037s] Level 1:colcon.colcon_core.package_identification:_identify(inverse-kinematics/build/rover_arm_bringup/CMakeFiles) by extensions ['ignore', 'ignore_ament_install']
[2.037s] Level 1:colcon.colcon_core.package_identification:_identify(inverse-kinematics/build/rover_arm_bringup/CMakeFiles) by extension 'ignore'
[2.038s] Level 1:colcon.colcon_core.package_identification:_identify(inverse-kinematics/build/rover_arm_bringup/CMakeFiles) by extension 'ignore_ament_install'
[2.038s] Level 1:colcon.colcon_core.package_identification:_identify(inverse-kinematics/build/rover_arm_bringup/CMakeFiles) by extensions ['colcon_pkg']
[2.038s] Level 1:colcon.colcon_core.package_identification:_identify(inverse-kinematics/build/rover_arm_bringup/CMakeFiles) by extension 'colcon_pkg'
[2.038s] Level 1:colcon.colcon_core.package_identification:_identify(inverse-kinematics/build/rover_arm_bringup/CMakeFiles) by extensions ['colcon_meta']
[2.038s] Level 1:colcon.colcon_core.package_identification:_identify(inverse-kinematics/build/rover_arm_bringup/CMakeFiles) by extension 'colcon_meta'
[2.038s] Level 1:colcon.colcon_core.package_identification:_identify(inverse-kinematics/build/rover_arm_bringup/CMakeFiles) by extensions ['ros']
[2.038s] Level 1:colcon.colcon_core.package_identification:_identify(inverse-kinematics/build/rover_arm_bringup/CMakeFiles) by extension 'ros'
[2.039s] Level 1:colcon.colcon_core.package_identification:_identify(inverse-kinematics/build/rover_arm_bringup/CMakeFiles) by extensions ['cmake', 'python']
[2.039s] Level 1:colcon.colcon_core.package_identification:_identify(inverse-kinematics/build/rover_arm_bringup/CMakeFiles) by extension 'cmake'
[2.039s] Level 1:colcon.colcon_core.package_identification:_identify(inverse-kinematics/build/rover_arm_bringup/CMakeFiles) by extension 'python'
[2.039s] Level 1:colcon.colcon_core.package_identification:_identify(inverse-kinematics/build/rover_arm_bringup/CMakeFiles) by extensions ['python_setup_py']
[2.039s] Level 1:colcon.colcon_core.package_identification:_identify(inverse-kinematics/build/rover_arm_bringup/CMakeFiles) by extension 'python_setup_py'
[2.040s] Level 1:colcon.colcon_core.package_identification:_identify(inverse-kinematics/build/rover_arm_bringup/CMakeFiles/3.22.1) by extensions ['ignore', 'ignore_ament_install']
[2.040s] Level 1:colcon.colcon_core.package_identification:_identify(inverse-kinematics/build/rover_arm_bringup/CMakeFiles/3.22.1) by extension 'ignore'
[2.040s] Level 1:colcon.colcon_core.package_identification:_identify(inverse-kinematics/build/rover_arm_bringup/CMakeFiles/3.22.1) by extension 'ignore_ament_install'
[2.040s] Level 1:colcon.colcon_core.package_identification:_identify(inverse-kinematics/build/rover_arm_bringup/CMakeFiles/3.22.1) by extensions ['colcon_pkg']
[2.041s] Level 1:colcon.colcon_core.package_identification:_identify(inverse-kinematics/build/rover_arm_bringup/CMakeFiles/3.22.1) by extension 'colcon_pkg'
[2.041s] Level 1:colcon.colcon_core.package_identification:_identify(inverse-kinematics/build/rover_arm_bringup/CMakeFiles/3.22.1) by extensions ['colcon_meta']
[2.041s] Level 1:colcon.colcon_core.package_identification:_identify(inverse-kinematics/build/rover_arm_bringup/CMakeFiles/3.22.1) by extension 'colcon_meta'
[2.041s] Level 1:colcon.colcon_core.package_identification:_identify(inverse-kinematics/build/rover_arm_bringup/CMakeFiles/3.22.1) by extensions ['ros']
[2.041s] Level 1:colcon.colcon_core.package_identification:_identify(inverse-kinematics/build/rover_arm_bringup/CMakeFiles/3.22.1) by extension 'ros'
[2.041s] Level 1:colcon.colcon_core.package_identification:_identify(inverse-kinematics/build/rover_arm_bringup/CMakeFiles/3.22.1) by extensions ['cmake', 'python']
[2.041s] Level 1:colcon.colcon_core.package_identification:_identify(inverse-kinematics/build/rover_arm_bringup/CMakeFiles/3.22.1) by extension 'cmake'
[2.041s] Level 1:colcon.colcon_core.package_identification:_identify(inverse-kinematics/build/rover_arm_bringup/CMakeFiles/3.22.1) by extension 'python'
[2.041s] Level 1:colcon.colcon_core.package_identification:_identify(inverse-kinematics/build/rover_arm_bringup/CMakeFiles/3.22.1) by extensions ['python_setup_py']
[2.042s] Level 1:colcon.colcon_core.package_identification:_identify(inverse-kinematics/build/rover_arm_bringup/CMakeFiles/3.22.1) by extension 'python_setup_py'
[2.043s] Level 1:colcon.colcon_core.package_identification:_identify(inverse-kinematics/build/rover_arm_bringup/CMakeFiles/3.22.1/CompilerIdC) by extensions ['ignore', 'ignore_ament_install']
[2.043s] Level 1:colcon.colcon_core.package_identification:_identify(inverse-kinematics/build/rover_arm_bringup/CMakeFiles/3.22.1/CompilerIdC) by extension 'ignore'
[2.043s] Level 1:colcon.colcon_core.package_identification:_identify(inverse-kinematics/build/rover_arm_bringup/CMakeFiles/3.22.1/CompilerIdC) by extension 'ignore_ament_install'
[2.043s] Level 1:colcon.colcon_core.package_identification:_identify(inverse-kinematics/build/rover_arm_bringup/CMakeFiles/3.22.1/CompilerIdC) by extensions ['colcon_pkg']
[2.043s] Level 1:colcon.colcon_core.package_identification:_identify(inverse-kinematics/build/rover_arm_bringup/CMakeFiles/3.22.1/CompilerIdC) by extension 'colcon_pkg'
[2.043s] Level 1:colcon.colcon_core.package_identification:_identify(inverse-kinematics/build/rover_arm_bringup/CMakeFiles/3.22.1/CompilerIdC) by extensions ['colcon_meta']
[2.043s] Level 1:colcon.colcon_core.package_identification:_identify(inverse-kinematics/build/rover_arm_bringup/CMakeFiles/3.22.1/CompilerIdC) by extension 'colcon_meta'
[2.043s] Level 1:colcon.colcon_core.package_identification:_identify(inverse-kinematics/build/rover_arm_bringup/CMakeFiles/3.22.1/CompilerIdC) by extensions ['ros']
[2.044s] Level 1:colcon.colcon_core.package_identification:_identify(inverse-kinematics/build/rover_arm_bringup/CMakeFiles/3.22.1/CompilerIdC) by extension 'ros'
[2.044s] Level 1:colcon.colcon_core.package_identification:_identify(inverse-kinematics/build/rover_arm_bringup/CMakeFiles/3.22.1/CompilerIdC) by extensions ['cmake', 'python']
[2.044s] Level 1:colcon.colcon_core.package_identification:_identify(inverse-kinematics/build/rover_arm_bringup/CMakeFiles/3.22.1/CompilerIdC) by extension 'cmake'
[2.044s] Level 1:colcon.colcon_core.package_identification:_identify(inverse-kinematics/build/rover_arm_bringup/CMakeFiles/3.22.1/CompilerIdC) by extension 'python'
[2.044s] Level 1:colcon.colcon_core.package_identification:_identify(inverse-kinematics/build/rover_arm_bringup/CMakeFiles/3.22.1/CompilerIdC) by extensions ['python_setup_py']
[2.044s] Level 1:colcon.colcon_core.package_identification:_identify(inverse-kinematics/build/rover_arm_bringup/CMakeFiles/3.22.1/CompilerIdC) by extension 'python_setup_py'
[2.045s] Level 1:colcon.colcon_core.package_identification:_identify(inverse-kinematics/build/rover_arm_bringup/CMakeFiles/3.22.1/CompilerIdC/tmp) by extensions ['ignore', 'ignore_ament_install']
[2.045s] Level 1:colcon.colcon_core.package_identification:_identify(inverse-kinematics/build/rover_arm_bringup/CMakeFiles/3.22.1/CompilerIdC/tmp) by extension 'ignore'
[2.046s] Level 1:colcon.colcon_core.package_identification:_identify(inverse-kinematics/build/rover_arm_bringup/CMakeFiles/3.22.1/CompilerIdC/tmp) by extension 'ignore_ament_install'
[2.046s] Level 1:colcon.colcon_core.package_identification:_identify(inverse-kinematics/build/rover_arm_bringup/CMakeFiles/3.22.1/CompilerIdC/tmp) by extensions ['colcon_pkg']
[2.046s] Level 1:colcon.colcon_core.package_identification:_identify(inverse-kinematics/build/rover_arm_bringup/CMakeFiles/3.22.1/CompilerIdC/tmp) by extension 'colcon_pkg'
[2.046s] Level 1:colcon.colcon_core.package_identification:_identify(inverse-kinematics/build/rover_arm_bringup/CMakeFiles/3.22.1/CompilerIdC/tmp) by extensions ['colcon_meta']
[2.046s] Level 1:colcon.colcon_core.package_identification:_identify(inverse-kinematics/build/rover_arm_bringup/CMakeFiles/3.22.1/CompilerIdC/tmp) by extension 'colcon_meta'
[2.046s] Level 1:colcon.colcon_core.package_identification:_identify(inverse-kinematics/build/rover_arm_bringup/CMakeFiles/3.22.1/CompilerIdC/tmp) by extensions ['ros']
[2.046s] Level 1:colcon.colcon_core.package_identification:_identify(inverse-kinematics/build/rover_arm_bringup/CMakeFiles/3.22.1/CompilerIdC/tmp) by extension 'ros'
[2.047s] Level 1:colcon.colcon_core.package_identification:_identify(inverse-kinematics/build/rover_arm_bringup/CMakeFiles/3.22.1/CompilerIdC/tmp) by extensions ['cmake', 'python']
[2.047s] Level 1:colcon.colcon_core.package_identification:_identify(inverse-kinematics/build/rover_arm_bringup/CMakeFiles/3.22.1/CompilerIdC/tmp) by extension 'cmake'
[2.047s] Level 1:colcon.colcon_core.package_identification:_identify(inverse-kinematics/build/rover_arm_bringup/CMakeFiles/3.22.1/CompilerIdC/tmp) by extension 'python'
[2.047s] Level 1:colcon.colcon_core.package_identification:_identify(inverse-kinematics/build/rover_arm_bringup/CMakeFiles/3.22.1/CompilerIdC/tmp) by extensions ['python_setup_py']
[2.047s] Level 1:colcon.colcon_core.package_identification:_identify(inverse-kinematics/build/rover_arm_bringup/CMakeFiles/3.22.1/CompilerIdC/tmp) by extension 'python_setup_py'
[2.048s] Level 1:colcon.colcon_core.package_identification:_identify(inverse-kinematics/build/rover_arm_bringup/CMakeFiles/3.22.1/CompilerIdCXX) by extensions ['ignore', 'ignore_ament_install']
[2.048s] Level 1:colcon.colcon_core.package_identification:_identify(inverse-kinematics/build/rover_arm_bringup/CMakeFiles/3.22.1/CompilerIdCXX) by extension 'ignore'
[2.048s] Level 1:colcon.colcon_core.package_identification:_identify(inverse-kinematics/build/rover_arm_bringup/CMakeFiles/3.22.1/CompilerIdCXX) by extension 'ignore_ament_install'
[2.048s] Level 1:colcon.colcon_core.package_identification:_identify(inverse-kinematics/build/rover_arm_bringup/CMakeFiles/3.22.1/CompilerIdCXX) by extensions ['colcon_pkg']
[2.048s] Level 1:colcon.colcon_core.package_identification:_identify(inverse-kinematics/build/rover_arm_bringup/CMakeFiles/3.22.1/CompilerIdCXX) by extension 'colcon_pkg'
[2.049s] Level 1:colcon.colcon_core.package_identification:_identify(inverse-kinematics/build/rover_arm_bringup/CMakeFiles/3.22.1/CompilerIdCXX) by extensions ['colcon_meta']
[2.049s] Level 1:colcon.colcon_core.package_identification:_identify(inverse-kinematics/build/rover_arm_bringup/CMakeFiles/3.22.1/CompilerIdCXX) by extension 'colcon_meta'
[2.049s] Level 1:colcon.colcon_core.package_identification:_identify(inverse-kinematics/build/rover_arm_bringup/CMakeFiles/3.22.1/CompilerIdCXX) by extensions ['ros']
[2.049s] Level 1:colcon.colcon_core.package_identification:_identify(inverse-kinematics/build/rover_arm_bringup/CMakeFiles/3.22.1/CompilerIdCXX) by extension 'ros'
[2.049s] Level 1:colcon.colcon_core.package_identification:_identify(inverse-kinematics/build/rover_arm_bringup/CMakeFiles/3.22.1/CompilerIdCXX) by extensions ['cmake', 'python']
[2.049s] Level 1:colcon.colcon_core.package_identification:_identify(inverse-kinematics/build/rover_arm_bringup/CMakeFiles/3.22.1/CompilerIdCXX) by extension 'cmake'
[2.049s] Level 1:colcon.colcon_core.package_identification:_identify(inverse-kinematics/build/rover_arm_bringup/CMakeFiles/3.22.1/CompilerIdCXX) by extension 'python'
[2.049s] Level 1:colcon.colcon_core.package_identification:_identify(inverse-kinematics/build/rover_arm_bringup/CMakeFiles/3.22.1/CompilerIdCXX) by extensions ['python_setup_py']
[2.049s] Level 1:colcon.colcon_core.package_identification:_identify(inverse-kinematics/build/rover_arm_bringup/CMakeFiles/3.22.1/CompilerIdCXX) by extension 'python_setup_py'
[2.050s] Level 1:colcon.colcon_core.package_identification:_identify(inverse-kinematics/build/rover_arm_bringup/CMakeFiles/3.22.1/CompilerIdCXX/tmp) by extensions ['ignore', 'ignore_ament_install']
[2.051s] Level 1:colcon.colcon_core.package_identification:_identify(inverse-kinematics/build/rover_arm_bringup/CMakeFiles/3.22.1/CompilerIdCXX/tmp) by extension 'ignore'
[2.051s] Level 1:colcon.colcon_core.package_identification:_identify(inverse-kinematics/build/rover_arm_bringup/CMakeFiles/3.22.1/CompilerIdCXX/tmp) by extension 'ignore_ament_install'
[2.051s] Level 1:colcon.colcon_core.package_identification:_identify(inverse-kinematics/build/rover_arm_bringup/CMakeFiles/3.22.1/CompilerIdCXX/tmp) by extensions ['colcon_pkg']
[2.051s] Level 1:colcon.colcon_core.package_identification:_identify(inverse-kinematics/build/rover_arm_bringup/CMakeFiles/3.22.1/CompilerIdCXX/tmp) by extension 'colcon_pkg'
[2.051s] Level 1:colcon.colcon_core.package_identification:_identify(inverse-kinematics/build/rover_arm_bringup/CMakeFiles/3.22.1/CompilerIdCXX/tmp) by extensions ['colcon_meta']
[2.051s] Level 1:colcon.colcon_core.package_identification:_identify(inverse-kinematics/build/rover_arm_bringup/CMakeFiles/3.22.1/CompilerIdCXX/tmp) by extension 'colcon_meta'
[2.051s] Level 1:colcon.colcon_core.package_identification:_identify(inverse-kinematics/build/rover_arm_bringup/CMakeFiles/3.22.1/CompilerIdCXX/tmp) by extensions ['ros']
[2.051s] Level 1:colcon.colcon_core.package_identification:_identify(inverse-kinematics/build/rover_arm_bringup/CMakeFiles/3.22.1/CompilerIdCXX/tmp) by extension 'ros'
[2.052s] Level 1:colcon.colcon_core.package_identification:_identify(inverse-kinematics/build/rover_arm_bringup/CMakeFiles/3.22.1/CompilerIdCXX/tmp) by extensions ['cmake', 'python']
[2.052s] Level 1:colcon.colcon_core.package_identification:_identify(inverse-kinematics/build/rover_arm_bringup/CMakeFiles/3.22.1/CompilerIdCXX/tmp) by extension 'cmake'
[2.052s] Level 1:colcon.colcon_core.package_identification:_identify(inverse-kinematics/build/rover_arm_bringup/CMakeFiles/3.22.1/CompilerIdCXX/tmp) by extension 'python'
[2.052s] Level 1:colcon.colcon_core.package_identification:_identify(inverse-kinematics/build/rover_arm_bringup/CMakeFiles/3.22.1/CompilerIdCXX/tmp) by extensions ['python_setup_py']
[2.052s] Level 1:colcon.colcon_core.package_identification:_identify(inverse-kinematics/build/rover_arm_bringup/CMakeFiles/3.22.1/CompilerIdCXX/tmp) by extension 'python_setup_py'
[2.053s] Level 1:colcon.colcon_core.package_identification:_identify(inverse-kinematics/build/rover_arm_bringup/CMakeFiles/CMakeTmp) by extensions ['ignore', 'ignore_ament_install']
[2.053s] Level 1:colcon.colcon_core.package_identification:_identify(inverse-kinematics/build/rover_arm_bringup/CMakeFiles/CMakeTmp) by extension 'ignore'
[2.054s] Level 1:colcon.colcon_core.package_identification:_identify(inverse-kinematics/build/rover_arm_bringup/CMakeFiles/CMakeTmp) by extension 'ignore_ament_install'
[2.054s] Level 1:colcon.colcon_core.package_identification:_identify(inverse-kinematics/build/rover_arm_bringup/CMakeFiles/CMakeTmp) by extensions ['colcon_pkg']
[2.054s] Level 1:colcon.colcon_core.package_identification:_identify(inverse-kinematics/build/rover_arm_bringup/CMakeFiles/CMakeTmp) by extension 'colcon_pkg'
[2.054s] Level 1:colcon.colcon_core.package_identification:_identify(inverse-kinematics/build/rover_arm_bringup/CMakeFiles/CMakeTmp) by extensions ['colcon_meta']
[2.054s] Level 1:colcon.colcon_core.package_identification:_identify(inverse-kinematics/build/rover_arm_bringup/CMakeFiles/CMakeTmp) by extension 'colcon_meta'
[2.054s] Level 1:colcon.colcon_core.package_identification:_identify(inverse-kinematics/build/rover_arm_bringup/CMakeFiles/CMakeTmp) by extensions ['ros']
[2.054s] Level 1:colcon.colcon_core.package_identification:_identify(inverse-kinematics/build/rover_arm_bringup/CMakeFiles/CMakeTmp) by extension 'ros'
[2.054s] Level 1:colcon.colcon_core.package_identification:_identify(inverse-kinematics/build/rover_arm_bringup/CMakeFiles/CMakeTmp) by extensions ['cmake', 'python']
[2.055s] Level 1:colcon.colcon_core.package_identification:_identify(inverse-kinematics/build/rover_arm_bringup/CMakeFiles/CMakeTmp) by extension 'cmake'
[2.055s] Level 1:colcon.colcon_core.package_identification:_identify(inverse-kinematics/build/rover_arm_bringup/CMakeFiles/CMakeTmp) by extension 'python'
[2.055s] Level 1:colcon.colcon_core.package_identification:_identify(inverse-kinematics/build/rover_arm_bringup/CMakeFiles/CMakeTmp) by extensions ['python_setup_py']
[2.055s] Level 1:colcon.colcon_core.package_identification:_identify(inverse-kinematics/build/rover_arm_bringup/CMakeFiles/CMakeTmp) by extension 'python_setup_py'
[2.056s] Level 1:colcon.colcon_core.package_identification:_identify(inverse-kinematics/build/rover_arm_bringup/CMakeFiles/rover_arm_bringup_uninstall.dir) by extensions ['ignore', 'ignore_ament_install']
[2.056s] Level 1:colcon.colcon_core.package_identification:_identify(inverse-kinematics/build/rover_arm_bringup/CMakeFiles/rover_arm_bringup_uninstall.dir) by extension 'ignore'
[2.056s] Level 1:colcon.colcon_core.package_identification:_identify(inverse-kinematics/build/rover_arm_bringup/CMakeFiles/rover_arm_bringup_uninstall.dir) by extension 'ignore_ament_install'
[2.056s] Level 1:colcon.colcon_core.package_identification:_identify(inverse-kinematics/build/rover_arm_bringup/CMakeFiles/rover_arm_bringup_uninstall.dir) by extensions ['colcon_pkg']
[2.056s] Level 1:colcon.colcon_core.package_identification:_identify(inverse-kinematics/build/rover_arm_bringup/CMakeFiles/rover_arm_bringup_uninstall.dir) by extension 'colcon_pkg'
[2.056s] Level 1:colcon.colcon_core.package_identification:_identify(inverse-kinematics/build/rover_arm_bringup/CMakeFiles/rover_arm_bringup_uninstall.dir) by extensions ['colcon_meta']
[2.056s] Level 1:colcon.colcon_core.package_identification:_identify(inverse-kinematics/build/rover_arm_bringup/CMakeFiles/rover_arm_bringup_uninstall.dir) by extension 'colcon_meta'
[2.057s] Level 1:colcon.colcon_core.package_identification:_identify(inverse-kinematics/build/rover_arm_bringup/CMakeFiles/rover_arm_bringup_uninstall.dir) by extensions ['ros']
[2.057s] Level 1:colcon.colcon_core.package_identification:_identify(inverse-kinematics/build/rover_arm_bringup/CMakeFiles/rover_arm_bringup_uninstall.dir) by extension 'ros'
[2.057s] Level 1:colcon.colcon_core.package_identification:_identify(inverse-kinematics/build/rover_arm_bringup/CMakeFiles/rover_arm_bringup_uninstall.dir) by extensions ['cmake', 'python']
[2.057s] Level 1:colcon.colcon_core.package_identification:_identify(inverse-kinematics/build/rover_arm_bringup/CMakeFiles/rover_arm_bringup_uninstall.dir) by extension 'cmake'
[2.057s] Level 1:colcon.colcon_core.package_identification:_identify(inverse-kinematics/build/rover_arm_bringup/CMakeFiles/rover_arm_bringup_uninstall.dir) by extension 'python'
[2.057s] Level 1:colcon.colcon_core.package_identification:_identify(inverse-kinematics/build/rover_arm_bringup/CMakeFiles/rover_arm_bringup_uninstall.dir) by extensions ['python_setup_py']
[2.057s] Level 1:colcon.colcon_core.package_identification:_identify(inverse-kinematics/build/rover_arm_bringup/CMakeFiles/rover_arm_bringup_uninstall.dir) by extension 'python_setup_py'
[2.058s] Level 1:colcon.colcon_core.package_identification:_identify(inverse-kinematics/build/rover_arm_bringup/CMakeFiles/uninstall.dir) by extensions ['ignore', 'ignore_ament_install']
[2.058s] Level 1:colcon.colcon_core.package_identification:_identify(inverse-kinematics/build/rover_arm_bringup/CMakeFiles/uninstall.dir) by extension 'ignore'
[2.059s] Level 1:colcon.colcon_core.package_identification:_identify(inverse-kinematics/build/rover_arm_bringup/CMakeFiles/uninstall.dir) by extension 'ignore_ament_install'
[2.059s] Level 1:colcon.colcon_core.package_identification:_identify(inverse-kinematics/build/rover_arm_bringup/CMakeFiles/uninstall.dir) by extensions ['colcon_pkg']
[2.059s] Level 1:colcon.colcon_core.package_identification:_identify(inverse-kinematics/build/rover_arm_bringup/CMakeFiles/uninstall.dir) by extension 'colcon_pkg'
[2.059s] Level 1:colcon.colcon_core.package_identification:_identify(inverse-kinematics/build/rover_arm_bringup/CMakeFiles/uninstall.dir) by extensions ['colcon_meta']
[2.059s] Level 1:colcon.colcon_core.package_identification:_identify(inverse-kinematics/build/rover_arm_bringup/CMakeFiles/uninstall.dir) by extension 'colcon_meta'
[2.059s] Level 1:colcon.colcon_core.package_identification:_identify(inverse-kinematics/build/rover_arm_bringup/CMakeFiles/uninstall.dir) by extensions ['ros']
[2.059s] Level 1:colcon.colcon_core.package_identification:_identify(inverse-kinematics/build/rover_arm_bringup/CMakeFiles/uninstall.dir) by extension 'ros'
[2.059s] Level 1:colcon.colcon_core.package_identification:_identify(inverse-kinematics/build/rover_arm_bringup/CMakeFiles/uninstall.dir) by extensions ['cmake', 'python']
[2.059s] Level 1:colcon.colcon_core.package_identification:_identify(inverse-kinematics/build/rover_arm_bringup/CMakeFiles/uninstall.dir) by extension 'cmake'
[2.060s] Level 1:colcon.colcon_core.package_identification:_identify(inverse-kinematics/build/rover_arm_bringup/CMakeFiles/uninstall.dir) by extension 'python'
[2.060s] Level 1:colcon.colcon_core.package_identification:_identify(inverse-kinematics/build/rover_arm_bringup/CMakeFiles/uninstall.dir) by extensions ['python_setup_py']
[2.060s] Level 1:colcon.colcon_core.package_identification:_identify(inverse-kinematics/build/rover_arm_bringup/CMakeFiles/uninstall.dir) by extension 'python_setup_py'
[2.060s] Level 1:colcon.colcon_core.package_identification:_identify(inverse-kinematics/build/rover_arm_bringup/ament_cmake_core) by extensions ['ignore', 'ignore_ament_install']
[2.061s] Level 1:colcon.colcon_core.package_identification:_identify(inverse-kinematics/build/rover_arm_bringup/ament_cmake_core) by extension 'ignore'
[2.061s] Level 1:colcon.colcon_core.package_identification:_identify(inverse-kinematics/build/rover_arm_bringup/ament_cmake_core) by extension 'ignore_ament_install'
[2.061s] Level 1:colcon.colcon_core.package_identification:_identify(inverse-kinematics/build/rover_arm_bringup/ament_cmake_core) by extensions ['colcon_pkg']
[2.061s] Level 1:colcon.colcon_core.package_identification:_identify(inverse-kinematics/build/rover_arm_bringup/ament_cmake_core) by extension 'colcon_pkg'
[2.061s] Level 1:colcon.colcon_core.package_identification:_identify(inverse-kinematics/build/rover_arm_bringup/ament_cmake_core) by extensions ['colcon_meta']
[2.061s] Level 1:colcon.colcon_core.package_identification:_identify(inverse-kinematics/build/rover_arm_bringup/ament_cmake_core) by extension 'colcon_meta'
[2.061s] Level 1:colcon.colcon_core.package_identification:_identify(inverse-kinematics/build/rover_arm_bringup/ament_cmake_core) by extensions ['ros']
[2.062s] Level 1:colcon.colcon_core.package_identification:_identify(inverse-kinematics/build/rover_arm_bringup/ament_cmake_core) by extension 'ros'
[2.062s] Level 1:colcon.colcon_core.package_identification:_identify(inverse-kinematics/build/rover_arm_bringup/ament_cmake_core) by extensions ['cmake', 'python']
[2.062s] Level 1:colcon.colcon_core.package_identification:_identify(inverse-kinematics/build/rover_arm_bringup/ament_cmake_core) by extension 'cmake'
[2.062s] Level 1:colcon.colcon_core.package_identification:_identify(inverse-kinematics/build/rover_arm_bringup/ament_cmake_core) by extension 'python'
[2.062s] Level 1:colcon.colcon_core.package_identification:_identify(inverse-kinematics/build/rover_arm_bringup/ament_cmake_core) by extensions ['python_setup_py']
[2.062s] Level 1:colcon.colcon_core.package_identification:_identify(inverse-kinematics/build/rover_arm_bringup/ament_cmake_core) by extension 'python_setup_py'
[2.063s] Level 1:colcon.colcon_core.package_identification:_identify(inverse-kinematics/build/rover_arm_bringup/ament_cmake_core/stamps) by extensions ['ignore', 'ignore_ament_install']
[2.063s] Level 1:colcon.colcon_core.package_identification:_identify(inverse-kinematics/build/rover_arm_bringup/ament_cmake_core/stamps) by extension 'ignore'
[2.063s] Level 1:colcon.colcon_core.package_identification:_identify(inverse-kinematics/build/rover_arm_bringup/ament_cmake_core/stamps) by extension 'ignore_ament_install'
[2.063s] Level 1:colcon.colcon_core.package_identification:_identify(inverse-kinematics/build/rover_arm_bringup/ament_cmake_core/stamps) by extensions ['colcon_pkg']
[2.063s] Level 1:colcon.colcon_core.package_identification:_identify(inverse-kinematics/build/rover_arm_bringup/ament_cmake_core/stamps) by extension 'colcon_pkg'
[2.063s] Level 1:colcon.colcon_core.package_identification:_identify(inverse-kinematics/build/rover_arm_bringup/ament_cmake_core/stamps) by extensions ['colcon_meta']
[2.064s] Level 1:colcon.colcon_core.package_identification:_identify(inverse-kinematics/build/rover_arm_bringup/ament_cmake_core/stamps) by extension 'colcon_meta'
[2.064s] Level 1:colcon.colcon_core.package_identification:_identify(inverse-kinematics/build/rover_arm_bringup/ament_cmake_core/stamps) by extensions ['ros']
[2.064s] Level 1:colcon.colcon_core.package_identification:_identify(inverse-kinematics/build/rover_arm_bringup/ament_cmake_core/stamps) by extension 'ros'
[2.064s] Level 1:colcon.colcon_core.package_identification:_identify(inverse-kinematics/build/rover_arm_bringup/ament_cmake_core/stamps) by extensions ['cmake', 'python']
[2.064s] Level 1:colcon.colcon_core.package_identification:_identify(inverse-kinematics/build/rover_arm_bringup/ament_cmake_core/stamps) by extension 'cmake'
[2.064s] Level 1:colcon.colcon_core.package_identification:_identify(inverse-kinematics/build/rover_arm_bringup/ament_cmake_core/stamps) by extension 'python'
[2.064s] Level 1:colcon.colcon_core.package_identification:_identify(inverse-kinematics/build/rover_arm_bringup/ament_cmake_core/stamps) by extensions ['python_setup_py']
[2.064s] Level 1:colcon.colcon_core.package_identification:_identify(inverse-kinematics/build/rover_arm_bringup/ament_cmake_core/stamps) by extension 'python_setup_py'
[2.065s] Level 1:colcon.colcon_core.package_identification:_identify(inverse-kinematics/build/rover_arm_bringup/ament_cmake_environment_hooks) by extensions ['ignore', 'ignore_ament_install']
[2.065s] Level 1:colcon.colcon_core.package_identification:_identify(inverse-kinematics/build/rover_arm_bringup/ament_cmake_environment_hooks) by extension 'ignore'
[2.065s] Level 1:colcon.colcon_core.package_identification:_identify(inverse-kinematics/build/rover_arm_bringup/ament_cmake_environment_hooks) by extension 'ignore_ament_install'
[2.065s] Level 1:colcon.colcon_core.package_identification:_identify(inverse-kinematics/build/rover_arm_bringup/ament_cmake_environment_hooks) by extensions ['colcon_pkg']
[2.065s] Level 1:colcon.colcon_core.package_identification:_identify(inverse-kinematics/build/rover_arm_bringup/ament_cmake_environment_hooks) by extension 'colcon_pkg'
[2.065s] Level 1:colcon.colcon_core.package_identification:_identify(inverse-kinematics/build/rover_arm_bringup/ament_cmake_environment_hooks) by extensions ['colcon_meta']
[2.065s] Level 1:colcon.colcon_core.package_identification:_identify(inverse-kinematics/build/rover_arm_bringup/ament_cmake_environment_hooks) by extension 'colcon_meta'
[2.065s] Level 1:colcon.colcon_core.package_identification:_identify(inverse-kinematics/build/rover_arm_bringup/ament_cmake_environment_hooks) by extensions ['ros']
[2.065s] Level 1:colcon.colcon_core.package_identification:_identify(inverse-kinematics/build/rover_arm_bringup/ament_cmake_environment_hooks) by extension 'ros'
[2.066s] Level 1:colcon.colcon_core.package_identification:_identify(inverse-kinematics/build/rover_arm_bringup/ament_cmake_environment_hooks) by extensions ['cmake', 'python']
[2.066s] Level 1:colcon.colcon_core.package_identification:_identify(inverse-kinematics/build/rover_arm_bringup/ament_cmake_environment_hooks) by extension 'cmake'
[2.066s] Level 1:colcon.colcon_core.package_identification:_identify(inverse-kinematics/build/rover_arm_bringup/ament_cmake_environment_hooks) by extension 'python'
[2.066s] Level 1:colcon.colcon_core.package_identification:_identify(inverse-kinematics/build/rover_arm_bringup/ament_cmake_environment_hooks) by extensions ['python_setup_py']
[2.066s] Level 1:colcon.colcon_core.package_identification:_identify(inverse-kinematics/build/rover_arm_bringup/ament_cmake_environment_hooks) by extension 'python_setup_py'
[2.067s] Level 1:colcon.colcon_core.package_identification:_identify(inverse-kinematics/build/rover_arm_bringup/ament_cmake_index) by extensions ['ignore', 'ignore_ament_install']
[2.067s] Level 1:colcon.colcon_core.package_identification:_identify(inverse-kinematics/build/rover_arm_bringup/ament_cmake_index) by extension 'ignore'
[2.067s] Level 1:colcon.colcon_core.package_identification:_identify(inverse-kinematics/build/rover_arm_bringup/ament_cmake_index) by extension 'ignore_ament_install'
[2.067s] Level 1:colcon.colcon_core.package_identification:_identify(inverse-kinematics/build/rover_arm_bringup/ament_cmake_index) by extensions ['colcon_pkg']
[2.067s] Level 1:colcon.colcon_core.package_identification:_identify(inverse-kinematics/build/rover_arm_bringup/ament_cmake_index) by extension 'colcon_pkg'
[2.068s] Level 1:colcon.colcon_core.package_identification:_identify(inverse-kinematics/build/rover_arm_bringup/ament_cmake_index) by extensions ['colcon_meta']
[2.068s] Level 1:colcon.colcon_core.package_identification:_identify(inverse-kinematics/build/rover_arm_bringup/ament_cmake_index) by extension 'colcon_meta'
[2.068s] Level 1:colcon.colcon_core.package_identification:_identify(inverse-kinematics/build/rover_arm_bringup/ament_cmake_index) by extensions ['ros']
[2.068s] Level 1:colcon.colcon_core.package_identification:_identify(inverse-kinematics/build/rover_arm_bringup/ament_cmake_index) by extension 'ros'
[2.068s] Level 1:colcon.colcon_core.package_identification:_identify(inverse-kinematics/build/rover_arm_bringup/ament_cmake_index) by extensions ['cmake', 'python']
[2.068s] Level 1:colcon.colcon_core.package_identification:_identify(inverse-kinematics/build/rover_arm_bringup/ament_cmake_index) by extension 'cmake'
[2.068s] Level 1:colcon.colcon_core.package_identification:_identify(inverse-kinematics/build/rover_arm_bringup/ament_cmake_index) by extension 'python'
[2.068s] Level 1:colcon.colcon_core.package_identification:_identify(inverse-kinematics/build/rover_arm_bringup/ament_cmake_index) by extensions ['python_setup_py']
[2.068s] Level 1:colcon.colcon_core.package_identification:_identify(inverse-kinematics/build/rover_arm_bringup/ament_cmake_index) by extension 'python_setup_py'
[2.069s] Level 1:colcon.colcon_core.package_identification:_identify(inverse-kinematics/build/rover_arm_bringup/ament_cmake_index/share) by extensions ['ignore', 'ignore_ament_install']
[2.070s] Level 1:colcon.colcon_core.package_identification:_identify(inverse-kinematics/build/rover_arm_bringup/ament_cmake_index/share) by extension 'ignore'
[2.070s] Level 1:colcon.colcon_core.package_identification:_identify(inverse-kinematics/build/rover_arm_bringup/ament_cmake_index/share) by extension 'ignore_ament_install'
[2.070s] Level 1:colcon.colcon_core.package_identification:_identify(inverse-kinematics/build/rover_arm_bringup/ament_cmake_index/share) by extensions ['colcon_pkg']
[2.070s] Level 1:colcon.colcon_core.package_identification:_identify(inverse-kinematics/build/rover_arm_bringup/ament_cmake_index/share) by extension 'colcon_pkg'
[2.070s] Level 1:colcon.colcon_core.package_identification:_identify(inverse-kinematics/build/rover_arm_bringup/ament_cmake_index/share) by extensions ['colcon_meta']
[2.070s] Level 1:colcon.colcon_core.package_identification:_identify(inverse-kinematics/build/rover_arm_bringup/ament_cmake_index/share) by extension 'colcon_meta'
[2.070s] Level 1:colcon.colcon_core.package_identification:_identify(inverse-kinematics/build/rover_arm_bringup/ament_cmake_index/share) by extensions ['ros']
[2.070s] Level 1:colcon.colcon_core.package_identification:_identify(inverse-kinematics/build/rover_arm_bringup/ament_cmake_index/share) by extension 'ros'
[2.071s] Level 1:colcon.colcon_core.package_identification:_identify(inverse-kinematics/build/rover_arm_bringup/ament_cmake_index/share) by extensions ['cmake', 'python']
[2.071s] Level 1:colcon.colcon_core.package_identification:_identify(inverse-kinematics/build/rover_arm_bringup/ament_cmake_index/share) by extension 'cmake'
[2.071s] Level 1:colcon.colcon_core.package_identification:_identify(inverse-kinematics/build/rover_arm_bringup/ament_cmake_index/share) by extension 'python'
[2.071s] Level 1:colcon.colcon_core.package_identification:_identify(inverse-kinematics/build/rover_arm_bringup/ament_cmake_index/share) by extensions ['python_setup_py']
[2.071s] Level 1:colcon.colcon_core.package_identification:_identify(inverse-kinematics/build/rover_arm_bringup/ament_cmake_index/share) by extension 'python_setup_py'
[2.072s] Level 1:colcon.colcon_core.package_identification:_identify(inverse-kinematics/build/rover_arm_bringup/ament_cmake_index/share/ament_index) by extensions ['ignore', 'ignore_ament_install']
[2.072s] Level 1:colcon.colcon_core.package_identification:_identify(inverse-kinematics/build/rover_arm_bringup/ament_cmake_index/share/ament_index) by extension 'ignore'
[2.072s] Level 1:colcon.colcon_core.package_identification:_identify(inverse-kinematics/build/rover_arm_bringup/ament_cmake_index/share/ament_index) by extension 'ignore_ament_install'
[2.072s] Level 1:colcon.colcon_core.package_identification:_identify(inverse-kinematics/build/rover_arm_bringup/ament_cmake_index/share/ament_index) by extensions ['colcon_pkg']
[2.072s] Level 1:colcon.colcon_core.package_identification:_identify(inverse-kinematics/build/rover_arm_bringup/ament_cmake_index/share/ament_index) by extension 'colcon_pkg'
[2.072s] Level 1:colcon.colcon_core.package_identification:_identify(inverse-kinematics/build/rover_arm_bringup/ament_cmake_index/share/ament_index) by extensions ['colcon_meta']
[2.072s] Level 1:colcon.colcon_core.package_identification:_identify(inverse-kinematics/build/rover_arm_bringup/ament_cmake_index/share/ament_index) by extension 'colcon_meta'
[2.073s] Level 1:colcon.colcon_core.package_identification:_identify(inverse-kinematics/build/rover_arm_bringup/ament_cmake_index/share/ament_index) by extensions ['ros']
[2.073s] Level 1:colcon.colcon_core.package_identification:_identify(inverse-kinematics/build/rover_arm_bringup/ament_cmake_index/share/ament_index) by extension 'ros'
[2.073s] Level 1:colcon.colcon_core.package_identification:_identify(inverse-kinematics/build/rover_arm_bringup/ament_cmake_index/share/ament_index) by extensions ['cmake', 'python']
[2.073s] Level 1:colcon.colcon_core.package_identification:_identify(inverse-kinematics/build/rover_arm_bringup/ament_cmake_index/share/ament_index) by extension 'cmake'
[2.073s] Level 1:colcon.colcon_core.package_identification:_identify(inverse-kinematics/build/rover_arm_bringup/ament_cmake_index/share/ament_index) by extension 'python'
[2.073s] Level 1:colcon.colcon_core.package_identification:_identify(inverse-kinematics/build/rover_arm_bringup/ament_cmake_index/share/ament_index) by extensions ['python_setup_py']
[2.073s] Level 1:colcon.colcon_core.package_identification:_identify(inverse-kinematics/build/rover_arm_bringup/ament_cmake_index/share/ament_index) by extension 'python_setup_py'
[2.074s] Level 1:colcon.colcon_core.package_identification:_identify(inverse-kinematics/build/rover_arm_bringup/ament_cmake_index/share/ament_index/resource_index) by extensions ['ignore', 'ignore_ament_install']
[2.074s] Level 1:colcon.colcon_core.package_identification:_identify(inverse-kinematics/build/rover_arm_bringup/ament_cmake_index/share/ament_index/resource_index) by extension 'ignore'
[2.074s] Level 1:colcon.colcon_core.package_identification:_identify(inverse-kinematics/build/rover_arm_bringup/ament_cmake_index/share/ament_index/resource_index) by extension 'ignore_ament_install'
[2.075s] Level 1:colcon.colcon_core.package_identification:_identify(inverse-kinematics/build/rover_arm_bringup/ament_cmake_index/share/ament_index/resource_index) by extensions ['colcon_pkg']
[2.075s] Level 1:colcon.colcon_core.package_identification:_identify(inverse-kinematics/build/rover_arm_bringup/ament_cmake_index/share/ament_index/resource_index) by extension 'colcon_pkg'
[2.075s] Level 1:colcon.colcon_core.package_identification:_identify(inverse-kinematics/build/rover_arm_bringup/ament_cmake_index/share/ament_index/resource_index) by extensions ['colcon_meta']
[2.075s] Level 1:colcon.colcon_core.package_identification:_identify(inverse-kinematics/build/rover_arm_bringup/ament_cmake_index/share/ament_index/resource_index) by extension 'colcon_meta'
[2.075s] Level 1:colcon.colcon_core.package_identification:_identify(inverse-kinematics/build/rover_arm_bringup/ament_cmake_index/share/ament_index/resource_index) by extensions ['ros']
[2.075s] Level 1:colcon.colcon_core.package_identification:_identify(inverse-kinematics/build/rover_arm_bringup/ament_cmake_index/share/ament_index/resource_index) by extension 'ros'
[2.075s] Level 1:colcon.colcon_core.package_identification:_identify(inverse-kinematics/build/rover_arm_bringup/ament_cmake_index/share/ament_index/resource_index) by extensions ['cmake', 'python']
[2.075s] Level 1:colcon.colcon_core.package_identification:_identify(inverse-kinematics/build/rover_arm_bringup/ament_cmake_index/share/ament_index/resource_index) by extension 'cmake'
[2.075s] Level 1:colcon.colcon_core.package_identification:_identify(inverse-kinematics/build/rover_arm_bringup/ament_cmake_index/share/ament_index/resource_index) by extension 'python'
[2.076s] Level 1:colcon.colcon_core.package_identification:_identify(inverse-kinematics/build/rover_arm_bringup/ament_cmake_index/share/ament_index/resource_index) by extensions ['python_setup_py']
[2.076s] Level 1:colcon.colcon_core.package_identification:_identify(inverse-kinematics/build/rover_arm_bringup/ament_cmake_index/share/ament_index/resource_index) by extension 'python_setup_py'
[2.076s] Level 1:colcon.colcon_core.package_identification:_identify(inverse-kinematics/build/rover_arm_bringup/ament_cmake_index/share/ament_index/resource_index/package_run_dependencies) by extensions ['ignore', 'ignore_ament_install']
[2.077s] Level 1:colcon.colcon_core.package_identification:_identify(inverse-kinematics/build/rover_arm_bringup/ament_cmake_index/share/ament_index/resource_index/package_run_dependencies) by extension 'ignore'
[2.077s] Level 1:colcon.colcon_core.package_identification:_identify(inverse-kinematics/build/rover_arm_bringup/ament_cmake_index/share/ament_index/resource_index/package_run_dependencies) by extension 'ignore_ament_install'
[2.077s] Level 1:colcon.colcon_core.package_identification:_identify(inverse-kinematics/build/rover_arm_bringup/ament_cmake_index/share/ament_index/resource_index/package_run_dependencies) by extensions ['colcon_pkg']
[2.077s] Level 1:colcon.colcon_core.package_identification:_identify(inverse-kinematics/build/rover_arm_bringup/ament_cmake_index/share/ament_index/resource_index/package_run_dependencies) by extension 'colcon_pkg'
[2.077s] Level 1:colcon.colcon_core.package_identification:_identify(inverse-kinematics/build/rover_arm_bringup/ament_cmake_index/share/ament_index/resource_index/package_run_dependencies) by extensions ['colcon_meta']
[2.077s] Level 1:colcon.colcon_core.package_identification:_identify(inverse-kinematics/build/rover_arm_bringup/ament_cmake_index/share/ament_index/resource_index/package_run_dependencies) by extension 'colcon_meta'
[2.077s] Level 1:colcon.colcon_core.package_identification:_identify(inverse-kinematics/build/rover_arm_bringup/ament_cmake_index/share/ament_index/resource_index/package_run_dependencies) by extensions ['ros']
[2.077s] Level 1:colcon.colcon_core.package_identification:_identify(inverse-kinematics/build/rover_arm_bringup/ament_cmake_index/share/ament_index/resource_index/package_run_dependencies) by extension 'ros'
[2.078s] Level 1:colcon.colcon_core.package_identification:_identify(inverse-kinematics/build/rover_arm_bringup/ament_cmake_index/share/ament_index/resource_index/package_run_dependencies) by extensions ['cmake', 'python']
[2.078s] Level 1:colcon.colcon_core.package_identification:_identify(inverse-kinematics/build/rover_arm_bringup/ament_cmake_index/share/ament_index/resource_index/package_run_dependencies) by extension 'cmake'
[2.078s] Level 1:colcon.colcon_core.package_identification:_identify(inverse-kinematics/build/rover_arm_bringup/ament_cmake_index/share/ament_index/resource_index/package_run_dependencies) by extension 'python'
[2.078s] Level 1:colcon.colcon_core.package_identification:_identify(inverse-kinematics/build/rover_arm_bringup/ament_cmake_index/share/ament_index/resource_index/package_run_dependencies) by extensions ['python_setup_py']
[2.078s] Level 1:colcon.colcon_core.package_identification:_identify(inverse-kinematics/build/rover_arm_bringup/ament_cmake_index/share/ament_index/resource_index/package_run_dependencies) by extension 'python_setup_py'
[2.079s] Level 1:colcon.colcon_core.package_identification:_identify(inverse-kinematics/build/rover_arm_bringup/ament_cmake_index/share/ament_index/resource_index/packages) by extensions ['ignore', 'ignore_ament_install']
[2.079s] Level 1:colcon.colcon_core.package_identification:_identify(inverse-kinematics/build/rover_arm_bringup/ament_cmake_index/share/ament_index/resource_index/packages) by extension 'ignore'
[2.079s] Level 1:colcon.colcon_core.package_identification:_identify(inverse-kinematics/build/rover_arm_bringup/ament_cmake_index/share/ament_index/resource_index/packages) by extension 'ignore_ament_install'
[2.079s] Level 1:colcon.colcon_core.package_identification:_identify(inverse-kinematics/build/rover_arm_bringup/ament_cmake_index/share/ament_index/resource_index/packages) by extensions ['colcon_pkg']
[2.079s] Level 1:colcon.colcon_core.package_identification:_identify(inverse-kinematics/build/rover_arm_bringup/ament_cmake_index/share/ament_index/resource_index/packages) by extension 'colcon_pkg'
[2.079s] Level 1:colcon.colcon_core.package_identification:_identify(inverse-kinematics/build/rover_arm_bringup/ament_cmake_index/share/ament_index/resource_index/packages) by extensions ['colcon_meta']
[2.080s] Level 1:colcon.colcon_core.package_identification:_identify(inverse-kinematics/build/rover_arm_bringup/ament_cmake_index/share/ament_index/resource_index/packages) by extension 'colcon_meta'
[2.080s] Level 1:colcon.colcon_core.package_identification:_identify(inverse-kinematics/build/rover_arm_bringup/ament_cmake_index/share/ament_index/resource_index/packages) by extensions ['ros']
[2.080s] Level 1:colcon.colcon_core.package_identification:_identify(inverse-kinematics/build/rover_arm_bringup/ament_cmake_index/share/ament_index/resource_index/packages) by extension 'ros'
[2.080s] Level 1:colcon.colcon_core.package_identification:_identify(inverse-kinematics/build/rover_arm_bringup/ament_cmake_index/share/ament_index/resource_index/packages) by extensions ['cmake', 'python']
[2.080s] Level 1:colcon.colcon_core.package_identification:_identify(inverse-kinematics/build/rover_arm_bringup/ament_cmake_index/share/ament_index/resource_index/packages) by extension 'cmake'
[2.080s] Level 1:colcon.colcon_core.package_identification:_identify(inverse-kinematics/build/rover_arm_bringup/ament_cmake_index/share/ament_index/resource_index/packages) by extension 'python'
[2.080s] Level 1:colcon.colcon_core.package_identification:_identify(inverse-kinematics/build/rover_arm_bringup/ament_cmake_index/share/ament_index/resource_index/packages) by extensions ['python_setup_py']
[2.081s] Level 1:colcon.colcon_core.package_identification:_identify(inverse-kinematics/build/rover_arm_bringup/ament_cmake_index/share/ament_index/resource_index/packages) by extension 'python_setup_py'
[2.081s] Level 1:colcon.colcon_core.package_identification:_identify(inverse-kinematics/build/rover_arm_bringup/ament_cmake_index/share/ament_index/resource_index/parent_prefix_path) by extensions ['ignore', 'ignore_ament_install']
[2.081s] Level 1:colcon.colcon_core.package_identification:_identify(inverse-kinematics/build/rover_arm_bringup/ament_cmake_index/share/ament_index/resource_index/parent_prefix_path) by extension 'ignore'
[2.082s] Level 1:colcon.colcon_core.package_identification:_identify(inverse-kinematics/build/rover_arm_bringup/ament_cmake_index/share/ament_index/resource_index/parent_prefix_path) by extension 'ignore_ament_install'
[2.082s] Level 1:colcon.colcon_core.package_identification:_identify(inverse-kinematics/build/rover_arm_bringup/ament_cmake_index/share/ament_index/resource_index/parent_prefix_path) by extensions ['colcon_pkg']
[2.082s] Level 1:colcon.colcon_core.package_identification:_identify(inverse-kinematics/build/rover_arm_bringup/ament_cmake_index/share/ament_index/resource_index/parent_prefix_path) by extension 'colcon_pkg'
[2.082s] Level 1:colcon.colcon_core.package_identification:_identify(inverse-kinematics/build/rover_arm_bringup/ament_cmake_index/share/ament_index/resource_index/parent_prefix_path) by extensions ['colcon_meta']
[2.082s] Level 1:colcon.colcon_core.package_identification:_identify(inverse-kinematics/build/rover_arm_bringup/ament_cmake_index/share/ament_index/resource_index/parent_prefix_path) by extension 'colcon_meta'
[2.082s] Level 1:colcon.colcon_core.package_identification:_identify(inverse-kinematics/build/rover_arm_bringup/ament_cmake_index/share/ament_index/resource_index/parent_prefix_path) by extensions ['ros']
[2.082s] Level 1:colcon.colcon_core.package_identification:_identify(inverse-kinematics/build/rover_arm_bringup/ament_cmake_index/share/ament_index/resource_index/parent_prefix_path) by extension 'ros'
[2.082s] Level 1:colcon.colcon_core.package_identification:_identify(inverse-kinematics/build/rover_arm_bringup/ament_cmake_index/share/ament_index/resource_index/parent_prefix_path) by extensions ['cmake', 'python']
[2.083s] Level 1:colcon.colcon_core.package_identification:_identify(inverse-kinematics/build/rover_arm_bringup/ament_cmake_index/share/ament_index/resource_index/parent_prefix_path) by extension 'cmake'
[2.083s] Level 1:colcon.colcon_core.package_identification:_identify(inverse-kinematics/build/rover_arm_bringup/ament_cmake_index/share/ament_index/resource_index/parent_prefix_path) by extension 'python'
[2.083s] Level 1:colcon.colcon_core.package_identification:_identify(inverse-kinematics/build/rover_arm_bringup/ament_cmake_index/share/ament_index/resource_index/parent_prefix_path) by extensions ['python_setup_py']
[2.083s] Level 1:colcon.colcon_core.package_identification:_identify(inverse-kinematics/build/rover_arm_bringup/ament_cmake_index/share/ament_index/resource_index/parent_prefix_path) by extension 'python_setup_py'
[2.083s] Level 1:colcon.colcon_core.package_identification:_identify(inverse-kinematics/build/rover_arm_bringup/ament_cmake_package_templates) by extensions ['ignore', 'ignore_ament_install']
[2.083s] Level 1:colcon.colcon_core.package_identification:_identify(inverse-kinematics/build/rover_arm_bringup/ament_cmake_package_templates) by extension 'ignore'
[2.083s] Level 1:colcon.colcon_core.package_identification:_identify(inverse-kinematics/build/rover_arm_bringup/ament_cmake_package_templates) by extension 'ignore_ament_install'
[2.084s] Level 1:colcon.colcon_core.package_identification:_identify(inverse-kinematics/build/rover_arm_bringup/ament_cmake_package_templates) by extensions ['colcon_pkg']
[2.084s] Level 1:colcon.colcon_core.package_identification:_identify(inverse-kinematics/build/rover_arm_bringup/ament_cmake_package_templates) by extension 'colcon_pkg'
[2.084s] Level 1:colcon.colcon_core.package_identification:_identify(inverse-kinematics/build/rover_arm_bringup/ament_cmake_package_templates) by extensions ['colcon_meta']
[2.084s] Level 1:colcon.colcon_core.package_identification:_identify(inverse-kinematics/build/rover_arm_bringup/ament_cmake_package_templates) by extension 'colcon_meta'
[2.084s] Level 1:colcon.colcon_core.package_identification:_identify(inverse-kinematics/build/rover_arm_bringup/ament_cmake_package_templates) by extensions ['ros']
[2.084s] Level 1:colcon.colcon_core.package_identification:_identify(inverse-kinematics/build/rover_arm_bringup/ament_cmake_package_templates) by extension 'ros'
[2.084s] Level 1:colcon.colcon_core.package_identification:_identify(inverse-kinematics/build/rover_arm_bringup/ament_cmake_package_templates) by extensions ['cmake', 'python']
[2.084s] Level 1:colcon.colcon_core.package_identification:_identify(inverse-kinematics/build/rover_arm_bringup/ament_cmake_package_templates) by extension 'cmake'
[2.084s] Level 1:colcon.colcon_core.package_identification:_identify(inverse-kinematics/build/rover_arm_bringup/ament_cmake_package_templates) by extension 'python'
[2.084s] Level 1:colcon.colcon_core.package_identification:_identify(inverse-kinematics/build/rover_arm_bringup/ament_cmake_package_templates) by extensions ['python_setup_py']
[2.085s] Level 1:colcon.colcon_core.package_identification:_identify(inverse-kinematics/build/rover_arm_bringup/ament_cmake_package_templates) by extension 'python_setup_py'
[2.085s] Level 1:colcon.colcon_core.package_identification:_identify(inverse-kinematics/build/rover_arm_bringup/ament_cmake_uninstall_target) by extensions ['ignore', 'ignore_ament_install']
[2.086s] Level 1:colcon.colcon_core.package_identification:_identify(inverse-kinematics/build/rover_arm_bringup/ament_cmake_uninstall_target) by extension 'ignore'
[2.086s] Level 1:colcon.colcon_core.package_identification:_identify(inverse-kinematics/build/rover_arm_bringup/ament_cmake_uninstall_target) by extension 'ignore_ament_install'
[2.086s] Level 1:colcon.colcon_core.package_identification:_identify(inverse-kinematics/build/rover_arm_bringup/ament_cmake_uninstall_target) by extensions ['colcon_pkg']
[2.086s] Level 1:colcon.colcon_core.package_identification:_identify(inverse-kinematics/build/rover_arm_bringup/ament_cmake_uninstall_target) by extension 'colcon_pkg'
[2.086s] Level 1:colcon.colcon_core.package_identification:_identify(inverse-kinematics/build/rover_arm_bringup/ament_cmake_uninstall_target) by extensions ['colcon_meta']
[2.086s] Level 1:colcon.colcon_core.package_identification:_identify(inverse-kinematics/build/rover_arm_bringup/ament_cmake_uninstall_target) by extension 'colcon_meta'
[2.086s] Level 1:colcon.colcon_core.package_identification:_identify(inverse-kinematics/build/rover_arm_bringup/ament_cmake_uninstall_target) by extensions ['ros']
[2.086s] Level 1:colcon.colcon_core.package_identification:_identify(inverse-kinematics/build/rover_arm_bringup/ament_cmake_uninstall_target) by extension 'ros'
[2.087s] Level 1:colcon.colcon_core.package_identification:_identify(inverse-kinematics/build/rover_arm_bringup/ament_cmake_uninstall_target) by extensions ['cmake', 'python']
[2.087s] Level 1:colcon.colcon_core.package_identification:_identify(inverse-kinematics/build/rover_arm_bringup/ament_cmake_uninstall_target) by extension 'cmake'
[2.087s] Level 1:colcon.colcon_core.package_identification:_identify(inverse-kinematics/build/rover_arm_bringup/ament_cmake_uninstall_target) by extension 'python'
[2.087s] Level 1:colcon.colcon_core.package_identification:_identify(inverse-kinematics/build/rover_arm_bringup/ament_cmake_uninstall_target) by extensions ['python_setup_py']
[2.087s] Level 1:colcon.colcon_core.package_identification:_identify(inverse-kinematics/build/rover_arm_bringup/ament_cmake_uninstall_target) by extension 'python_setup_py'
[2.088s] Level 1:colcon.colcon_core.package_identification:_identify(inverse-kinematics/build/rover_arm_description) by extensions ['ignore', 'ignore_ament_install']
[2.088s] Level 1:colcon.colcon_core.package_identification:_identify(inverse-kinematics/build/rover_arm_description) by extension 'ignore'
[2.088s] Level 1:colcon.colcon_core.package_identification:_identify(inverse-kinematics/build/rover_arm_description) by extension 'ignore_ament_install'
[2.088s] Level 1:colcon.colcon_core.package_identification:_identify(inverse-kinematics/build/rover_arm_description) by extensions ['colcon_pkg']
[2.088s] Level 1:colcon.colcon_core.package_identification:_identify(inverse-kinematics/build/rover_arm_description) by extension 'colcon_pkg'
[2.088s] Level 1:colcon.colcon_core.package_identification:_identify(inverse-kinematics/build/rover_arm_description) by extensions ['colcon_meta']
[2.089s] Level 1:colcon.colcon_core.package_identification:_identify(inverse-kinematics/build/rover_arm_description) by extension 'colcon_meta'
[2.089s] Level 1:colcon.colcon_core.package_identification:_identify(inverse-kinematics/build/rover_arm_description) by extensions ['ros']
[2.089s] Level 1:colcon.colcon_core.package_identification:_identify(inverse-kinematics/build/rover_arm_description) by extension 'ros'
[2.089s] Level 1:colcon.colcon_core.package_identification:_identify(inverse-kinematics/build/rover_arm_description) by extensions ['cmake', 'python']
[2.089s] Level 1:colcon.colcon_core.package_identification:_identify(inverse-kinematics/build/rover_arm_description) by extension 'cmake'
[2.089s] Level 1:colcon.colcon_core.package_identification:_identify(inverse-kinematics/build/rover_arm_description) by extension 'python'
[2.089s] Level 1:colcon.colcon_core.package_identification:_identify(inverse-kinematics/build/rover_arm_description) by extensions ['python_setup_py']
[2.089s] Level 1:colcon.colcon_core.package_identification:_identify(inverse-kinematics/build/rover_arm_description) by extension 'python_setup_py'
[2.090s] Level 1:colcon.colcon_core.package_identification:_identify(inverse-kinematics/build/rover_arm_description/CMakeFiles) by extensions ['ignore', 'ignore_ament_install']
[2.090s] Level 1:colcon.colcon_core.package_identification:_identify(inverse-kinematics/build/rover_arm_description/CMakeFiles) by extension 'ignore'
[2.090s] Level 1:colcon.colcon_core.package_identification:_identify(inverse-kinematics/build/rover_arm_description/CMakeFiles) by extension 'ignore_ament_install'
[2.091s] Level 1:colcon.colcon_core.package_identification:_identify(inverse-kinematics/build/rover_arm_description/CMakeFiles) by extensions ['colcon_pkg']
[2.091s] Level 1:colcon.colcon_core.package_identification:_identify(inverse-kinematics/build/rover_arm_description/CMakeFiles) by extension 'colcon_pkg'
[2.091s] Level 1:colcon.colcon_core.package_identification:_identify(inverse-kinematics/build/rover_arm_description/CMakeFiles) by extensions ['colcon_meta']
[2.091s] Level 1:colcon.colcon_core.package_identification:_identify(inverse-kinematics/build/rover_arm_description/CMakeFiles) by extension 'colcon_meta'
[2.091s] Level 1:colcon.colcon_core.package_identification:_identify(inverse-kinematics/build/rover_arm_description/CMakeFiles) by extensions ['ros']
[2.091s] Level 1:colcon.colcon_core.package_identification:_identify(inverse-kinematics/build/rover_arm_description/CMakeFiles) by extension 'ros'
[2.091s] Level 1:colcon.colcon_core.package_identification:_identify(inverse-kinematics/build/rover_arm_description/CMakeFiles) by extensions ['cmake', 'python']
[2.091s] Level 1:colcon.colcon_core.package_identification:_identify(inverse-kinematics/build/rover_arm_description/CMakeFiles) by extension 'cmake'
[2.091s] Level 1:colcon.colcon_core.package_identification:_identify(inverse-kinematics/build/rover_arm_description/CMakeFiles) by extension 'python'
[2.091s] Level 1:colcon.colcon_core.package_identification:_identify(inverse-kinematics/build/rover_arm_description/CMakeFiles) by extensions ['python_setup_py']
[2.092s] Level 1:colcon.colcon_core.package_identification:_identify(inverse-kinematics/build/rover_arm_description/CMakeFiles) by extension 'python_setup_py'
[2.093s] Level 1:colcon.colcon_core.package_identification:_identify(inverse-kinematics/build/rover_arm_description/CMakeFiles/3.22.1) by extensions ['ignore', 'ignore_ament_install']
[2.093s] Level 1:colcon.colcon_core.package_identification:_identify(inverse-kinematics/build/rover_arm_description/CMakeFiles/3.22.1) by extension 'ignore'
[2.093s] Level 1:colcon.colcon_core.package_identification:_identify(inverse-kinematics/build/rover_arm_description/CMakeFiles/3.22.1) by extension 'ignore_ament_install'
[2.093s] Level 1:colcon.colcon_core.package_identification:_identify(inverse-kinematics/build/rover_arm_description/CMakeFiles/3.22.1) by extensions ['colcon_pkg']
[2.093s] Level 1:colcon.colcon_core.package_identification:_identify(inverse-kinematics/build/rover_arm_description/CMakeFiles/3.22.1) by extension 'colcon_pkg'
[2.093s] Level 1:colcon.colcon_core.package_identification:_identify(inverse-kinematics/build/rover_arm_description/CMakeFiles/3.22.1) by extensions ['colcon_meta']
[2.093s] Level 1:colcon.colcon_core.package_identification:_identify(inverse-kinematics/build/rover_arm_description/CMakeFiles/3.22.1) by extension 'colcon_meta'
[2.093s] Level 1:colcon.colcon_core.package_identification:_identify(inverse-kinematics/build/rover_arm_description/CMakeFiles/3.22.1) by extensions ['ros']
[2.094s] Level 1:colcon.colcon_core.package_identification:_identify(inverse-kinematics/build/rover_arm_description/CMakeFiles/3.22.1) by extension 'ros'
[2.094s] Level 1:colcon.colcon_core.package_identification:_identify(inverse-kinematics/build/rover_arm_description/CMakeFiles/3.22.1) by extensions ['cmake', 'python']
[2.094s] Level 1:colcon.colcon_core.package_identification:_identify(inverse-kinematics/build/rover_arm_description/CMakeFiles/3.22.1) by extension 'cmake'
[2.094s] Level 1:colcon.colcon_core.package_identification:_identify(inverse-kinematics/build/rover_arm_description/CMakeFiles/3.22.1) by extension 'python'
[2.094s] Level 1:colcon.colcon_core.package_identification:_identify(inverse-kinematics/build/rover_arm_description/CMakeFiles/3.22.1) by extensions ['python_setup_py']
[2.094s] Level 1:colcon.colcon_core.package_identification:_identify(inverse-kinematics/build/rover_arm_description/CMakeFiles/3.22.1) by extension 'python_setup_py'
[2.095s] Level 1:colcon.colcon_core.package_identification:_identify(inverse-kinematics/build/rover_arm_description/CMakeFiles/3.22.1/CompilerIdC) by extensions ['ignore', 'ignore_ament_install']
[2.095s] Level 1:colcon.colcon_core.package_identification:_identify(inverse-kinematics/build/rover_arm_description/CMakeFiles/3.22.1/CompilerIdC) by extension 'ignore'
[2.096s] Level 1:colcon.colcon_core.package_identification:_identify(inverse-kinematics/build/rover_arm_description/CMakeFiles/3.22.1/CompilerIdC) by extension 'ignore_ament_install'
[2.096s] Level 1:colcon.colcon_core.package_identification:_identify(inverse-kinematics/build/rover_arm_description/CMakeFiles/3.22.1/CompilerIdC) by extensions ['colcon_pkg']
[2.096s] Level 1:colcon.colcon_core.package_identification:_identify(inverse-kinematics/build/rover_arm_description/CMakeFiles/3.22.1/CompilerIdC) by extension 'colcon_pkg'
[2.096s] Level 1:colcon.colcon_core.package_identification:_identify(inverse-kinematics/build/rover_arm_description/CMakeFiles/3.22.1/CompilerIdC) by extensions ['colcon_meta']
[2.096s] Level 1:colcon.colcon_core.package_identification:_identify(inverse-kinematics/build/rover_arm_description/CMakeFiles/3.22.1/CompilerIdC) by extension 'colcon_meta'
[2.096s] Level 1:colcon.colcon_core.package_identification:_identify(inverse-kinematics/build/rover_arm_description/CMakeFiles/3.22.1/CompilerIdC) by extensions ['ros']
[2.096s] Level 1:colcon.colcon_core.package_identification:_identify(inverse-kinematics/build/rover_arm_description/CMakeFiles/3.22.1/CompilerIdC) by extension 'ros'
[2.096s] Level 1:colcon.colcon_core.package_identification:_identify(inverse-kinematics/build/rover_arm_description/CMakeFiles/3.22.1/CompilerIdC) by extensions ['cmake', 'python']
[2.096s] Level 1:colcon.colcon_core.package_identification:_identify(inverse-kinematics/build/rover_arm_description/CMakeFiles/3.22.1/CompilerIdC) by extension 'cmake'
[2.097s] Level 1:colcon.colcon_core.package_identification:_identify(inverse-kinematics/build/rover_arm_description/CMakeFiles/3.22.1/CompilerIdC) by extension 'python'
[2.097s] Level 1:colcon.colcon_core.package_identification:_identify(inverse-kinematics/build/rover_arm_description/CMakeFiles/3.22.1/CompilerIdC) by extensions ['python_setup_py']
[2.097s] Level 1:colcon.colcon_core.package_identification:_identify(inverse-kinematics/build/rover_arm_description/CMakeFiles/3.22.1/CompilerIdC) by extension 'python_setup_py'
[2.098s] Level 1:colcon.colcon_core.package_identification:_identify(inverse-kinematics/build/rover_arm_description/CMakeFiles/3.22.1/CompilerIdC/tmp) by extensions ['ignore', 'ignore_ament_install']
[2.098s] Level 1:colcon.colcon_core.package_identification:_identify(inverse-kinematics/build/rover_arm_description/CMakeFiles/3.22.1/CompilerIdC/tmp) by extension 'ignore'
[2.098s] Level 1:colcon.colcon_core.package_identification:_identify(inverse-kinematics/build/rover_arm_description/CMakeFiles/3.22.1/CompilerIdC/tmp) by extension 'ignore_ament_install'
[2.098s] Level 1:colcon.colcon_core.package_identification:_identify(inverse-kinematics/build/rover_arm_description/CMakeFiles/3.22.1/CompilerIdC/tmp) by extensions ['colcon_pkg']
[2.098s] Level 1:colcon.colcon_core.package_identification:_identify(inverse-kinematics/build/rover_arm_description/CMakeFiles/3.22.1/CompilerIdC/tmp) by extension 'colcon_pkg'
[2.098s] Level 1:colcon.colcon_core.package_identification:_identify(inverse-kinematics/build/rover_arm_description/CMakeFiles/3.22.1/CompilerIdC/tmp) by extensions ['colcon_meta']
[2.099s] Level 1:colcon.colcon_core.package_identification:_identify(inverse-kinematics/build/rover_arm_description/CMakeFiles/3.22.1/CompilerIdC/tmp) by extension 'colcon_meta'
[2.099s] Level 1:colcon.colcon_core.package_identification:_identify(inverse-kinematics/build/rover_arm_description/CMakeFiles/3.22.1/CompilerIdC/tmp) by extensions ['ros']
[2.099s] Level 1:colcon.colcon_core.package_identification:_identify(inverse-kinematics/build/rover_arm_description/CMakeFiles/3.22.1/CompilerIdC/tmp) by extension 'ros'
[2.099s] Level 1:colcon.colcon_core.package_identification:_identify(inverse-kinematics/build/rover_arm_description/CMakeFiles/3.22.1/CompilerIdC/tmp) by extensions ['cmake', 'python']
[2.099s] Level 1:colcon.colcon_core.package_identification:_identify(inverse-kinematics/build/rover_arm_description/CMakeFiles/3.22.1/CompilerIdC/tmp) by extension 'cmake'
[2.099s] Level 1:colcon.colcon_core.package_identification:_identify(inverse-kinematics/build/rover_arm_description/CMakeFiles/3.22.1/CompilerIdC/tmp) by extension 'python'
[2.099s] Level 1:colcon.colcon_core.package_identification:_identify(inverse-kinematics/build/rover_arm_description/CMakeFiles/3.22.1/CompilerIdC/tmp) by extensions ['python_setup_py']
[2.099s] Level 1:colcon.colcon_core.package_identification:_identify(inverse-kinematics/build/rover_arm_description/CMakeFiles/3.22.1/CompilerIdC/tmp) by extension 'python_setup_py'
[2.100s] Level 1:colcon.colcon_core.package_identification:_identify(inverse-kinematics/build/rover_arm_description/CMakeFiles/3.22.1/CompilerIdCXX) by extensions ['ignore', 'ignore_ament_install']
[2.100s] Level 1:colcon.colcon_core.package_identification:_identify(inverse-kinematics/build/rover_arm_description/CMakeFiles/3.22.1/CompilerIdCXX) by extension 'ignore'
[2.101s] Level 1:colcon.colcon_core.package_identification:_identify(inverse-kinematics/build/rover_arm_description/CMakeFiles/3.22.1/CompilerIdCXX) by extension 'ignore_ament_install'
[2.101s] Level 1:colcon.colcon_core.package_identification:_identify(inverse-kinematics/build/rover_arm_description/CMakeFiles/3.22.1/CompilerIdCXX) by extensions ['colcon_pkg']
[2.101s] Level 1:colcon.colcon_core.package_identification:_identify(inverse-kinematics/build/rover_arm_description/CMakeFiles/3.22.1/CompilerIdCXX) by extension 'colcon_pkg'
[2.101s] Level 1:colcon.colcon_core.package_identification:_identify(inverse-kinematics/build/rover_arm_description/CMakeFiles/3.22.1/CompilerIdCXX) by extensions ['colcon_meta']
[2.101s] Level 1:colcon.colcon_core.package_identification:_identify(inverse-kinematics/build/rover_arm_description/CMakeFiles/3.22.1/CompilerIdCXX) by extension 'colcon_meta'
[2.101s] Level 1:colcon.colcon_core.package_identification:_identify(inverse-kinematics/build/rover_arm_description/CMakeFiles/3.22.1/CompilerIdCXX) by extensions ['ros']
[2.101s] Level 1:colcon.colcon_core.package_identification:_identify(inverse-kinematics/build/rover_arm_description/CMakeFiles/3.22.1/CompilerIdCXX) by extension 'ros'
[2.102s] Level 1:colcon.colcon_core.package_identification:_identify(inverse-kinematics/build/rover_arm_description/CMakeFiles/3.22.1/CompilerIdCXX) by extensions ['cmake', 'python']
[2.102s] Level 1:colcon.colcon_core.package_identification:_identify(inverse-kinematics/build/rover_arm_description/CMakeFiles/3.22.1/CompilerIdCXX) by extension 'cmake'
[2.102s] Level 1:colcon.colcon_core.package_identification:_identify(inverse-kinematics/build/rover_arm_description/CMakeFiles/3.22.1/CompilerIdCXX) by extension 'python'
[2.102s] Level 1:colcon.colcon_core.package_identification:_identify(inverse-kinematics/build/rover_arm_description/CMakeFiles/3.22.1/CompilerIdCXX) by extensions ['python_setup_py']
[2.102s] Level 1:colcon.colcon_core.package_identification:_identify(inverse-kinematics/build/rover_arm_description/CMakeFiles/3.22.1/CompilerIdCXX) by extension 'python_setup_py'
[2.103s] Level 1:colcon.colcon_core.package_identification:_identify(inverse-kinematics/build/rover_arm_description/CMakeFiles/3.22.1/CompilerIdCXX/tmp) by extensions ['ignore', 'ignore_ament_install']
[2.103s] Level 1:colcon.colcon_core.package_identification:_identify(inverse-kinematics/build/rover_arm_description/CMakeFiles/3.22.1/CompilerIdCXX/tmp) by extension 'ignore'
[2.103s] Level 1:colcon.colcon_core.package_identification:_identify(inverse-kinematics/build/rover_arm_description/CMakeFiles/3.22.1/CompilerIdCXX/tmp) by extension 'ignore_ament_install'
[2.103s] Level 1:colcon.colcon_core.package_identification:_identify(inverse-kinematics/build/rover_arm_description/CMakeFiles/3.22.1/CompilerIdCXX/tmp) by extensions ['colcon_pkg']
[2.103s] Level 1:colcon.colcon_core.package_identification:_identify(inverse-kinematics/build/rover_arm_description/CMakeFiles/3.22.1/CompilerIdCXX/tmp) by extension 'colcon_pkg'
[2.103s] Level 1:colcon.colcon_core.package_identification:_identify(inverse-kinematics/build/rover_arm_description/CMakeFiles/3.22.1/CompilerIdCXX/tmp) by extensions ['colcon_meta']
[2.104s] Level 1:colcon.colcon_core.package_identification:_identify(inverse-kinematics/build/rover_arm_description/CMakeFiles/3.22.1/CompilerIdCXX/tmp) by extension 'colcon_meta'
[2.104s] Level 1:colcon.colcon_core.package_identification:_identify(inverse-kinematics/build/rover_arm_description/CMakeFiles/3.22.1/CompilerIdCXX/tmp) by extensions ['ros']
[2.104s] Level 1:colcon.colcon_core.package_identification:_identify(inverse-kinematics/build/rover_arm_description/CMakeFiles/3.22.1/CompilerIdCXX/tmp) by extension 'ros'
[2.104s] Level 1:colcon.colcon_core.package_identification:_identify(inverse-kinematics/build/rover_arm_description/CMakeFiles/3.22.1/CompilerIdCXX/tmp) by extensions ['cmake', 'python']
[2.104s] Level 1:colcon.colcon_core.package_identification:_identify(inverse-kinematics/build/rover_arm_description/CMakeFiles/3.22.1/CompilerIdCXX/tmp) by extension 'cmake'
[2.104s] Level 1:colcon.colcon_core.package_identification:_identify(inverse-kinematics/build/rover_arm_description/CMakeFiles/3.22.1/CompilerIdCXX/tmp) by extension 'python'
[2.104s] Level 1:colcon.colcon_core.package_identification:_identify(inverse-kinematics/build/rover_arm_description/CMakeFiles/3.22.1/CompilerIdCXX/tmp) by extensions ['python_setup_py']
[2.104s] Level 1:colcon.colcon_core.package_identification:_identify(inverse-kinematics/build/rover_arm_description/CMakeFiles/3.22.1/CompilerIdCXX/tmp) by extension 'python_setup_py'
[2.105s] Level 1:colcon.colcon_core.package_identification:_identify(inverse-kinematics/build/rover_arm_description/CMakeFiles/CMakeTmp) by extensions ['ignore', 'ignore_ament_install']
[2.105s] Level 1:colcon.colcon_core.package_identification:_identify(inverse-kinematics/build/rover_arm_description/CMakeFiles/CMakeTmp) by extension 'ignore'
[2.106s] Level 1:colcon.colcon_core.package_identification:_identify(inverse-kinematics/build/rover_arm_description/CMakeFiles/CMakeTmp) by extension 'ignore_ament_install'
[2.106s] Level 1:colcon.colcon_core.package_identification:_identify(inverse-kinematics/build/rover_arm_description/CMakeFiles/CMakeTmp) by extensions ['colcon_pkg']
[2.106s] Level 1:colcon.colcon_core.package_identification:_identify(inverse-kinematics/build/rover_arm_description/CMakeFiles/CMakeTmp) by extension 'colcon_pkg'
[2.106s] Level 1:colcon.colcon_core.package_identification:_identify(inverse-kinematics/build/rover_arm_description/CMakeFiles/CMakeTmp) by extensions ['colcon_meta']
[2.106s] Level 1:colcon.colcon_core.package_identification:_identify(inverse-kinematics/build/rover_arm_description/CMakeFiles/CMakeTmp) by extension 'colcon_meta'
[2.106s] Level 1:colcon.colcon_core.package_identification:_identify(inverse-kinematics/build/rover_arm_description/CMakeFiles/CMakeTmp) by extensions ['ros']
[2.106s] Level 1:colcon.colcon_core.package_identification:_identify(inverse-kinematics/build/rover_arm_description/CMakeFiles/CMakeTmp) by extension 'ros'
[2.106s] Level 1:colcon.colcon_core.package_identification:_identify(inverse-kinematics/build/rover_arm_description/CMakeFiles/CMakeTmp) by extensions ['cmake', 'python']
[2.106s] Level 1:colcon.colcon_core.package_identification:_identify(inverse-kinematics/build/rover_arm_description/CMakeFiles/CMakeTmp) by extension 'cmake'
[2.106s] Level 1:colcon.colcon_core.package_identification:_identify(inverse-kinematics/build/rover_arm_description/CMakeFiles/CMakeTmp) by extension 'python'
[2.107s] Level 1:colcon.colcon_core.package_identification:_identify(inverse-kinematics/build/rover_arm_description/CMakeFiles/CMakeTmp) by extensions ['python_setup_py']
[2.107s] Level 1:colcon.colcon_core.package_identification:_identify(inverse-kinematics/build/rover_arm_description/CMakeFiles/CMakeTmp) by extension 'python_setup_py'
[2.107s] Level 1:colcon.colcon_core.package_identification:_identify(inverse-kinematics/build/rover_arm_description/CMakeFiles/rover_arm_description_uninstall.dir) by extensions ['ignore', 'ignore_ament_install']
[2.108s] Level 1:colcon.colcon_core.package_identification:_identify(inverse-kinematics/build/rover_arm_description/CMakeFiles/rover_arm_description_uninstall.dir) by extension 'ignore'
[2.108s] Level 1:colcon.colcon_core.package_identification:_identify(inverse-kinematics/build/rover_arm_description/CMakeFiles/rover_arm_description_uninstall.dir) by extension 'ignore_ament_install'
[2.108s] Level 1:colcon.colcon_core.package_identification:_identify(inverse-kinematics/build/rover_arm_description/CMakeFiles/rover_arm_description_uninstall.dir) by extensions ['colcon_pkg']
[2.108s] Level 1:colcon.colcon_core.package_identification:_identify(inverse-kinematics/build/rover_arm_description/CMakeFiles/rover_arm_description_uninstall.dir) by extension 'colcon_pkg'
[2.108s] Level 1:colcon.colcon_core.package_identification:_identify(inverse-kinematics/build/rover_arm_description/CMakeFiles/rover_arm_description_uninstall.dir) by extensions ['colcon_meta']
[2.108s] Level 1:colcon.colcon_core.package_identification:_identify(inverse-kinematics/build/rover_arm_description/CMakeFiles/rover_arm_description_uninstall.dir) by extension 'colcon_meta'
[2.108s] Level 1:colcon.colcon_core.package_identification:_identify(inverse-kinematics/build/rover_arm_description/CMakeFiles/rover_arm_description_uninstall.dir) by extensions ['ros']
[2.109s] Level 1:colcon.colcon_core.package_identification:_identify(inverse-kinematics/build/rover_arm_description/CMakeFiles/rover_arm_description_uninstall.dir) by extension 'ros'
[2.109s] Level 1:colcon.colcon_core.package_identification:_identify(inverse-kinematics/build/rover_arm_description/CMakeFiles/rover_arm_description_uninstall.dir) by extensions ['cmake', 'python']
[2.109s] Level 1:colcon.colcon_core.package_identification:_identify(inverse-kinematics/build/rover_arm_description/CMakeFiles/rover_arm_description_uninstall.dir) by extension 'cmake'
[2.109s] Level 1:colcon.colcon_core.package_identification:_identify(inverse-kinematics/build/rover_arm_description/CMakeFiles/rover_arm_description_uninstall.dir) by extension 'python'
[2.109s] Level 1:colcon.colcon_core.package_identification:_identify(inverse-kinematics/build/rover_arm_description/CMakeFiles/rover_arm_description_uninstall.dir) by extensions ['python_setup_py']
[2.109s] Level 1:colcon.colcon_core.package_identification:_identify(inverse-kinematics/build/rover_arm_description/CMakeFiles/rover_arm_description_uninstall.dir) by extension 'python_setup_py'
[2.110s] Level 1:colcon.colcon_core.package_identification:_identify(inverse-kinematics/build/rover_arm_description/CMakeFiles/uninstall.dir) by extensions ['ignore', 'ignore_ament_install']
[2.110s] Level 1:colcon.colcon_core.package_identification:_identify(inverse-kinematics/build/rover_arm_description/CMakeFiles/uninstall.dir) by extension 'ignore'
[2.110s] Level 1:colcon.colcon_core.package_identification:_identify(inverse-kinematics/build/rover_arm_description/CMakeFiles/uninstall.dir) by extension 'ignore_ament_install'
[2.111s] Level 1:colcon.colcon_core.package_identification:_identify(inverse-kinematics/build/rover_arm_description/CMakeFiles/uninstall.dir) by extensions ['colcon_pkg']
[2.111s] Level 1:colcon.colcon_core.package_identification:_identify(inverse-kinematics/build/rover_arm_description/CMakeFiles/uninstall.dir) by extension 'colcon_pkg'
[2.111s] Level 1:colcon.colcon_core.package_identification:_identify(inverse-kinematics/build/rover_arm_description/CMakeFiles/uninstall.dir) by extensions ['colcon_meta']
[2.111s] Level 1:colcon.colcon_core.package_identification:_identify(inverse-kinematics/build/rover_arm_description/CMakeFiles/uninstall.dir) by extension 'colcon_meta'
[2.111s] Level 1:colcon.colcon_core.package_identification:_identify(inverse-kinematics/build/rover_arm_description/CMakeFiles/uninstall.dir) by extensions ['ros']
[2.111s] Level 1:colcon.colcon_core.package_identification:_identify(inverse-kinematics/build/rover_arm_description/CMakeFiles/uninstall.dir) by extension 'ros'
[2.111s] Level 1:colcon.colcon_core.package_identification:_identify(inverse-kinematics/build/rover_arm_description/CMakeFiles/uninstall.dir) by extensions ['cmake', 'python']
[2.111s] Level 1:colcon.colcon_core.package_identification:_identify(inverse-kinematics/build/rover_arm_description/CMakeFiles/uninstall.dir) by extension 'cmake'
[2.111s] Level 1:colcon.colcon_core.package_identification:_identify(inverse-kinematics/build/rover_arm_description/CMakeFiles/uninstall.dir) by extension 'python'
[2.112s] Level 1:colcon.colcon_core.package_identification:_identify(inverse-kinematics/build/rover_arm_description/CMakeFiles/uninstall.dir) by extensions ['python_setup_py']
[2.112s] Level 1:colcon.colcon_core.package_identification:_identify(inverse-kinematics/build/rover_arm_description/CMakeFiles/uninstall.dir) by extension 'python_setup_py'
[2.113s] Level 1:colcon.colcon_core.package_identification:_identify(inverse-kinematics/build/rover_arm_moveit_config) by extensions ['ignore', 'ignore_ament_install']
[2.113s] Level 1:colcon.colcon_core.package_identification:_identify(inverse-kinematics/build/rover_arm_moveit_config) by extension 'ignore'
[2.113s] Level 1:colcon.colcon_core.package_identification:_identify(inverse-kinematics/build/rover_arm_moveit_config) by extension 'ignore_ament_install'
[2.113s] Level 1:colcon.colcon_core.package_identification:_identify(inverse-kinematics/build/rover_arm_moveit_config) by extensions ['colcon_pkg']
[2.114s] Level 1:colcon.colcon_core.package_identification:_identify(inverse-kinematics/build/rover_arm_moveit_config) by extension 'colcon_pkg'
[2.114s] Level 1:colcon.colcon_core.package_identification:_identify(inverse-kinematics/build/rover_arm_moveit_config) by extensions ['colcon_meta']
[2.114s] Level 1:colcon.colcon_core.package_identification:_identify(inverse-kinematics/build/rover_arm_moveit_config) by extension 'colcon_meta'
[2.114s] Level 1:colcon.colcon_core.package_identification:_identify(inverse-kinematics/build/rover_arm_moveit_config) by extensions ['ros']
[2.114s] Level 1:colcon.colcon_core.package_identification:_identify(inverse-kinematics/build/rover_arm_moveit_config) by extension 'ros'
[2.114s] Level 1:colcon.colcon_core.package_identification:_identify(inverse-kinematics/build/rover_arm_moveit_config) by extensions ['cmake', 'python']
[2.114s] Level 1:colcon.colcon_core.package_identification:_identify(inverse-kinematics/build/rover_arm_moveit_config) by extension 'cmake'
[2.114s] Level 1:colcon.colcon_core.package_identification:_identify(inverse-kinematics/build/rover_arm_moveit_config) by extension 'python'
[2.115s] Level 1:colcon.colcon_core.package_identification:_identify(inverse-kinematics/build/rover_arm_moveit_config) by extensions ['python_setup_py']
[2.115s] Level 1:colcon.colcon_core.package_identification:_identify(inverse-kinematics/build/rover_arm_moveit_config) by extension 'python_setup_py'
[2.116s] Level 1:colcon.colcon_core.package_identification:_identify(inverse-kinematics/build/rover_arm_moveit_config/CMakeFiles) by extensions ['ignore', 'ignore_ament_install']
[2.116s] Level 1:colcon.colcon_core.package_identification:_identify(inverse-kinematics/build/rover_arm_moveit_config/CMakeFiles) by extension 'ignore'
[2.116s] Level 1:colcon.colcon_core.package_identification:_identify(inverse-kinematics/build/rover_arm_moveit_config/CMakeFiles) by extension 'ignore_ament_install'
[2.116s] Level 1:colcon.colcon_core.package_identification:_identify(inverse-kinematics/build/rover_arm_moveit_config/CMakeFiles) by extensions ['colcon_pkg']
[2.116s] Level 1:colcon.colcon_core.package_identification:_identify(inverse-kinematics/build/rover_arm_moveit_config/CMakeFiles) by extension 'colcon_pkg'
[2.116s] Level 1:colcon.colcon_core.package_identification:_identify(inverse-kinematics/build/rover_arm_moveit_config/CMakeFiles) by extensions ['colcon_meta']
[2.116s] Level 1:colcon.colcon_core.package_identification:_identify(inverse-kinematics/build/rover_arm_moveit_config/CMakeFiles) by extension 'colcon_meta'
[2.117s] Level 1:colcon.colcon_core.package_identification:_identify(inverse-kinematics/build/rover_arm_moveit_config/CMakeFiles) by extensions ['ros']
[2.117s] Level 1:colcon.colcon_core.package_identification:_identify(inverse-kinematics/build/rover_arm_moveit_config/CMakeFiles) by extension 'ros'
[2.117s] Level 1:colcon.colcon_core.package_identification:_identify(inverse-kinematics/build/rover_arm_moveit_config/CMakeFiles) by extensions ['cmake', 'python']
[2.117s] Level 1:colcon.colcon_core.package_identification:_identify(inverse-kinematics/build/rover_arm_moveit_config/CMakeFiles) by extension 'cmake'
[2.117s] Level 1:colcon.colcon_core.package_identification:_identify(inverse-kinematics/build/rover_arm_moveit_config/CMakeFiles) by extension 'python'
[2.117s] Level 1:colcon.colcon_core.package_identification:_identify(inverse-kinematics/build/rover_arm_moveit_config/CMakeFiles) by extensions ['python_setup_py']
[2.117s] Level 1:colcon.colcon_core.package_identification:_identify(inverse-kinematics/build/rover_arm_moveit_config/CMakeFiles) by extension 'python_setup_py'
[2.118s] Level 1:colcon.colcon_core.package_identification:_identify(inverse-kinematics/build/rover_arm_moveit_config/CMakeFiles/3.22.1) by extensions ['ignore', 'ignore_ament_install']
[2.119s] Level 1:colcon.colcon_core.package_identification:_identify(inverse-kinematics/build/rover_arm_moveit_config/CMakeFiles/3.22.1) by extension 'ignore'
[2.119s] Level 1:colcon.colcon_core.package_identification:_identify(inverse-kinematics/build/rover_arm_moveit_config/CMakeFiles/3.22.1) by extension 'ignore_ament_install'
[2.119s] Level 1:colcon.colcon_core.package_identification:_identify(inverse-kinematics/build/rover_arm_moveit_config/CMakeFiles/3.22.1) by extensions ['colcon_pkg']
[2.119s] Level 1:colcon.colcon_core.package_identification:_identify(inverse-kinematics/build/rover_arm_moveit_config/CMakeFiles/3.22.1) by extension 'colcon_pkg'
[2.119s] Level 1:colcon.colcon_core.package_identification:_identify(inverse-kinematics/build/rover_arm_moveit_config/CMakeFiles/3.22.1) by extensions ['colcon_meta']
[2.119s] Level 1:colcon.colcon_core.package_identification:_identify(inverse-kinematics/build/rover_arm_moveit_config/CMakeFiles/3.22.1) by extension 'colcon_meta'
[2.119s] Level 1:colcon.colcon_core.package_identification:_identify(inverse-kinematics/build/rover_arm_moveit_config/CMakeFiles/3.22.1) by extensions ['ros']
[2.119s] Level 1:colcon.colcon_core.package_identification:_identify(inverse-kinematics/build/rover_arm_moveit_config/CMakeFiles/3.22.1) by extension 'ros'
[2.120s] Level 1:colcon.colcon_core.package_identification:_identify(inverse-kinematics/build/rover_arm_moveit_config/CMakeFiles/3.22.1) by extensions ['cmake', 'python']
[2.120s] Level 1:colcon.colcon_core.package_identification:_identify(inverse-kinematics/build/rover_arm_moveit_config/CMakeFiles/3.22.1) by extension 'cmake'
[2.120s] Level 1:colcon.colcon_core.package_identification:_identify(inverse-kinematics/build/rover_arm_moveit_config/CMakeFiles/3.22.1) by extension 'python'
[2.120s] Level 1:colcon.colcon_core.package_identification:_identify(inverse-kinematics/build/rover_arm_moveit_config/CMakeFiles/3.22.1) by extensions ['python_setup_py']
[2.120s] Level 1:colcon.colcon_core.package_identification:_identify(inverse-kinematics/build/rover_arm_moveit_config/CMakeFiles/3.22.1) by extension 'python_setup_py'
[2.121s] Level 1:colcon.colcon_core.package_identification:_identify(inverse-kinematics/build/rover_arm_moveit_config/CMakeFiles/3.22.1/CompilerIdC) by extensions ['ignore', 'ignore_ament_install']
[2.121s] Level 1:colcon.colcon_core.package_identification:_identify(inverse-kinematics/build/rover_arm_moveit_config/CMakeFiles/3.22.1/CompilerIdC) by extension 'ignore'
[2.121s] Level 1:colcon.colcon_core.package_identification:_identify(inverse-kinematics/build/rover_arm_moveit_config/CMakeFiles/3.22.1/CompilerIdC) by extension 'ignore_ament_install'
[2.121s] Level 1:colcon.colcon_core.package_identification:_identify(inverse-kinematics/build/rover_arm_moveit_config/CMakeFiles/3.22.1/CompilerIdC) by extensions ['colcon_pkg']
[2.121s] Level 1:colcon.colcon_core.package_identification:_identify(inverse-kinematics/build/rover_arm_moveit_config/CMakeFiles/3.22.1/CompilerIdC) by extension 'colcon_pkg'
[2.122s] Level 1:colcon.colcon_core.package_identification:_identify(inverse-kinematics/build/rover_arm_moveit_config/CMakeFiles/3.22.1/CompilerIdC) by extensions ['colcon_meta']
[2.122s] Level 1:colcon.colcon_core.package_identification:_identify(inverse-kinematics/build/rover_arm_moveit_config/CMakeFiles/3.22.1/CompilerIdC) by extension 'colcon_meta'
[2.122s] Level 1:colcon.colcon_core.package_identification:_identify(inverse-kinematics/build/rover_arm_moveit_config/CMakeFiles/3.22.1/CompilerIdC) by extensions ['ros']
[2.122s] Level 1:colcon.colcon_core.package_identification:_identify(inverse-kinematics/build/rover_arm_moveit_config/CMakeFiles/3.22.1/CompilerIdC) by extension 'ros'
[2.122s] Level 1:colcon.colcon_core.package_identification:_identify(inverse-kinematics/build/rover_arm_moveit_config/CMakeFiles/3.22.1/CompilerIdC) by extensions ['cmake', 'python']
[2.122s] Level 1:colcon.colcon_core.package_identification:_identify(inverse-kinematics/build/rover_arm_moveit_config/CMakeFiles/3.22.1/CompilerIdC) by extension 'cmake'
[2.122s] Level 1:colcon.colcon_core.package_identification:_identify(inverse-kinematics/build/rover_arm_moveit_config/CMakeFiles/3.22.1/CompilerIdC) by extension 'python'
[2.122s] Level 1:colcon.colcon_core.package_identification:_identify(inverse-kinematics/build/rover_arm_moveit_config/CMakeFiles/3.22.1/CompilerIdC) by extensions ['python_setup_py']
[2.122s] Level 1:colcon.colcon_core.package_identification:_identify(inverse-kinematics/build/rover_arm_moveit_config/CMakeFiles/3.22.1/CompilerIdC) by extension 'python_setup_py'
[2.123s] Level 1:colcon.colcon_core.package_identification:_identify(inverse-kinematics/build/rover_arm_moveit_config/CMakeFiles/3.22.1/CompilerIdC/tmp) by extensions ['ignore', 'ignore_ament_install']
[2.124s] Level 1:colcon.colcon_core.package_identification:_identify(inverse-kinematics/build/rover_arm_moveit_config/CMakeFiles/3.22.1/CompilerIdC/tmp) by extension 'ignore'
[2.124s] Level 1:colcon.colcon_core.package_identification:_identify(inverse-kinematics/build/rover_arm_moveit_config/CMakeFiles/3.22.1/CompilerIdC/tmp) by extension 'ignore_ament_install'
[2.124s] Level 1:colcon.colcon_core.package_identification:_identify(inverse-kinematics/build/rover_arm_moveit_config/CMakeFiles/3.22.1/CompilerIdC/tmp) by extensions ['colcon_pkg']
[2.124s] Level 1:colcon.colcon_core.package_identification:_identify(inverse-kinematics/build/rover_arm_moveit_config/CMakeFiles/3.22.1/CompilerIdC/tmp) by extension 'colcon_pkg'
[2.124s] Level 1:colcon.colcon_core.package_identification:_identify(inverse-kinematics/build/rover_arm_moveit_config/CMakeFiles/3.22.1/CompilerIdC/tmp) by extensions ['colcon_meta']
[2.124s] Level 1:colcon.colcon_core.package_identification:_identify(inverse-kinematics/build/rover_arm_moveit_config/CMakeFiles/3.22.1/CompilerIdC/tmp) by extension 'colcon_meta'
[2.124s] Level 1:colcon.colcon_core.package_identification:_identify(inverse-kinematics/build/rover_arm_moveit_config/CMakeFiles/3.22.1/CompilerIdC/tmp) by extensions ['ros']
[2.124s] Level 1:colcon.colcon_core.package_identification:_identify(inverse-kinematics/build/rover_arm_moveit_config/CMakeFiles/3.22.1/CompilerIdC/tmp) by extension 'ros'
[2.124s] Level 1:colcon.colcon_core.package_identification:_identify(inverse-kinematics/build/rover_arm_moveit_config/CMakeFiles/3.22.1/CompilerIdC/tmp) by extensions ['cmake', 'python']
[2.125s] Level 1:colcon.colcon_core.package_identification:_identify(inverse-kinematics/build/rover_arm_moveit_config/CMakeFiles/3.22.1/CompilerIdC/tmp) by extension 'cmake'
[2.125s] Level 1:colcon.colcon_core.package_identification:_identify(inverse-kinematics/build/rover_arm_moveit_config/CMakeFiles/3.22.1/CompilerIdC/tmp) by extension 'python'
[2.125s] Level 1:colcon.colcon_core.package_identification:_identify(inverse-kinematics/build/rover_arm_moveit_config/CMakeFiles/3.22.1/CompilerIdC/tmp) by extensions ['python_setup_py']
[2.125s] Level 1:colcon.colcon_core.package_identification:_identify(inverse-kinematics/build/rover_arm_moveit_config/CMakeFiles/3.22.1/CompilerIdC/tmp) by extension 'python_setup_py'
[2.126s] Level 1:colcon.colcon_core.package_identification:_identify(inverse-kinematics/build/rover_arm_moveit_config/CMakeFiles/3.22.1/CompilerIdCXX) by extensions ['ignore', 'ignore_ament_install']
[2.126s] Level 1:colcon.colcon_core.package_identification:_identify(inverse-kinematics/build/rover_arm_moveit_config/CMakeFiles/3.22.1/CompilerIdCXX) by extension 'ignore'
[2.126s] Level 1:colcon.colcon_core.package_identification:_identify(inverse-kinematics/build/rover_arm_moveit_config/CMakeFiles/3.22.1/CompilerIdCXX) by extension 'ignore_ament_install'
[2.126s] Level 1:colcon.colcon_core.package_identification:_identify(inverse-kinematics/build/rover_arm_moveit_config/CMakeFiles/3.22.1/CompilerIdCXX) by extensions ['colcon_pkg']
[2.126s] Level 1:colcon.colcon_core.package_identification:_identify(inverse-kinematics/build/rover_arm_moveit_config/CMakeFiles/3.22.1/CompilerIdCXX) by extension 'colcon_pkg'
[2.127s] Level 1:colcon.colcon_core.package_identification:_identify(inverse-kinematics/build/rover_arm_moveit_config/CMakeFiles/3.22.1/CompilerIdCXX) by extensions ['colcon_meta']
[2.127s] Level 1:colcon.colcon_core.package_identification:_identify(inverse-kinematics/build/rover_arm_moveit_config/CMakeFiles/3.22.1/CompilerIdCXX) by extension 'colcon_meta'
[2.127s] Level 1:colcon.colcon_core.package_identification:_identify(inverse-kinematics/build/rover_arm_moveit_config/CMakeFiles/3.22.1/CompilerIdCXX) by extensions ['ros']
[2.127s] Level 1:colcon.colcon_core.package_identification:_identify(inverse-kinematics/build/rover_arm_moveit_config/CMakeFiles/3.22.1/CompilerIdCXX) by extension 'ros'
[2.127s] Level 1:colcon.colcon_core.package_identification:_identify(inverse-kinematics/build/rover_arm_moveit_config/CMakeFiles/3.22.1/CompilerIdCXX) by extensions ['cmake', 'python']
[2.127s] Level 1:colcon.colcon_core.package_identification:_identify(inverse-kinematics/build/rover_arm_moveit_config/CMakeFiles/3.22.1/CompilerIdCXX) by extension 'cmake'
[2.127s] Level 1:colcon.colcon_core.package_identification:_identify(inverse-kinematics/build/rover_arm_moveit_config/CMakeFiles/3.22.1/CompilerIdCXX) by extension 'python'
[2.127s] Level 1:colcon.colcon_core.package_identification:_identify(inverse-kinematics/build/rover_arm_moveit_config/CMakeFiles/3.22.1/CompilerIdCXX) by extensions ['python_setup_py']
[2.128s] Level 1:colcon.colcon_core.package_identification:_identify(inverse-kinematics/build/rover_arm_moveit_config/CMakeFiles/3.22.1/CompilerIdCXX) by extension 'python_setup_py'
[2.128s] Level 1:colcon.colcon_core.package_identification:_identify(inverse-kinematics/build/rover_arm_moveit_config/CMakeFiles/3.22.1/CompilerIdCXX/tmp) by extensions ['ignore', 'ignore_ament_install']
[2.129s] Level 1:colcon.colcon_core.package_identification:_identify(inverse-kinematics/build/rover_arm_moveit_config/CMakeFiles/3.22.1/CompilerIdCXX/tmp) by extension 'ignore'
[2.129s] Level 1:colcon.colcon_core.package_identification:_identify(inverse-kinematics/build/rover_arm_moveit_config/CMakeFiles/3.22.1/CompilerIdCXX/tmp) by extension 'ignore_ament_install'
[2.129s] Level 1:colcon.colcon_core.package_identification:_identify(inverse-kinematics/build/rover_arm_moveit_config/CMakeFiles/3.22.1/CompilerIdCXX/tmp) by extensions ['colcon_pkg']
[2.129s] Level 1:colcon.colcon_core.package_identification:_identify(inverse-kinematics/build/rover_arm_moveit_config/CMakeFiles/3.22.1/CompilerIdCXX/tmp) by extension 'colcon_pkg'
[2.129s] Level 1:colcon.colcon_core.package_identification:_identify(inverse-kinematics/build/rover_arm_moveit_config/CMakeFiles/3.22.1/CompilerIdCXX/tmp) by extensions ['colcon_meta']
[2.129s] Level 1:colcon.colcon_core.package_identification:_identify(inverse-kinematics/build/rover_arm_moveit_config/CMakeFiles/3.22.1/CompilerIdCXX/tmp) by extension 'colcon_meta'
[2.129s] Level 1:colcon.colcon_core.package_identification:_identify(inverse-kinematics/build/rover_arm_moveit_config/CMakeFiles/3.22.1/CompilerIdCXX/tmp) by extensions ['ros']
[2.129s] Level 1:colcon.colcon_core.package_identification:_identify(inverse-kinematics/build/rover_arm_moveit_config/CMakeFiles/3.22.1/CompilerIdCXX/tmp) by extension 'ros'
[2.130s] Level 1:colcon.colcon_core.package_identification:_identify(inverse-kinematics/build/rover_arm_moveit_config/CMakeFiles/3.22.1/CompilerIdCXX/tmp) by extensions ['cmake', 'python']
[2.130s] Level 1:colcon.colcon_core.package_identification:_identify(inverse-kinematics/build/rover_arm_moveit_config/CMakeFiles/3.22.1/CompilerIdCXX/tmp) by extension 'cmake'
[2.130s] Level 1:colcon.colcon_core.package_identification:_identify(inverse-kinematics/build/rover_arm_moveit_config/CMakeFiles/3.22.1/CompilerIdCXX/tmp) by extension 'python'
[2.130s] Level 1:colcon.colcon_core.package_identification:_identify(inverse-kinematics/build/rover_arm_moveit_config/CMakeFiles/3.22.1/CompilerIdCXX/tmp) by extensions ['python_setup_py']
[2.130s] Level 1:colcon.colcon_core.package_identification:_identify(inverse-kinematics/build/rover_arm_moveit_config/CMakeFiles/3.22.1/CompilerIdCXX/tmp) by extension 'python_setup_py'
[2.131s] Level 1:colcon.colcon_core.package_identification:_identify(inverse-kinematics/build/rover_arm_moveit_config/CMakeFiles/CMakeTmp) by extensions ['ignore', 'ignore_ament_install']
[2.131s] Level 1:colcon.colcon_core.package_identification:_identify(inverse-kinematics/build/rover_arm_moveit_config/CMakeFiles/CMakeTmp) by extension 'ignore'
[2.131s] Level 1:colcon.colcon_core.package_identification:_identify(inverse-kinematics/build/rover_arm_moveit_config/CMakeFiles/CMakeTmp) by extension 'ignore_ament_install'
[2.131s] Level 1:colcon.colcon_core.package_identification:_identify(inverse-kinematics/build/rover_arm_moveit_config/CMakeFiles/CMakeTmp) by extensions ['colcon_pkg']
[2.132s] Level 1:colcon.colcon_core.package_identification:_identify(inverse-kinematics/build/rover_arm_moveit_config/CMakeFiles/CMakeTmp) by extension 'colcon_pkg'
[2.132s] Level 1:colcon.colcon_core.package_identification:_identify(inverse-kinematics/build/rover_arm_moveit_config/CMakeFiles/CMakeTmp) by extensions ['colcon_meta']
[2.132s] Level 1:colcon.colcon_core.package_identification:_identify(inverse-kinematics/build/rover_arm_moveit_config/CMakeFiles/CMakeTmp) by extension 'colcon_meta'
[2.132s] Level 1:colcon.colcon_core.package_identification:_identify(inverse-kinematics/build/rover_arm_moveit_config/CMakeFiles/CMakeTmp) by extensions ['ros']
[2.132s] Level 1:colcon.colcon_core.package_identification:_identify(inverse-kinematics/build/rover_arm_moveit_config/CMakeFiles/CMakeTmp) by extension 'ros'
[2.132s] Level 1:colcon.colcon_core.package_identification:_identify(inverse-kinematics/build/rover_arm_moveit_config/CMakeFiles/CMakeTmp) by extensions ['cmake', 'python']
[2.132s] Level 1:colcon.colcon_core.package_identification:_identify(inverse-kinematics/build/rover_arm_moveit_config/CMakeFiles/CMakeTmp) by extension 'cmake'
[2.132s] Level 1:colcon.colcon_core.package_identification:_identify(inverse-kinematics/build/rover_arm_moveit_config/CMakeFiles/CMakeTmp) by extension 'python'
[2.133s] Level 1:colcon.colcon_core.package_identification:_identify(inverse-kinematics/build/rover_arm_moveit_config/CMakeFiles/CMakeTmp) by extensions ['python_setup_py']
[2.133s] Level 1:colcon.colcon_core.package_identification:_identify(inverse-kinematics/build/rover_arm_moveit_config/CMakeFiles/CMakeTmp) by extension 'python_setup_py'
[2.134s] Level 1:colcon.colcon_core.package_identification:_identify(inverse-kinematics/build/rover_arm_moveit_config/CMakeFiles/rover_arm_moveit_config_uninstall.dir) by extensions ['ignore', 'ignore_ament_install']
[2.134s] Level 1:colcon.colcon_core.package_identification:_identify(inverse-kinematics/build/rover_arm_moveit_config/CMakeFiles/rover_arm_moveit_config_uninstall.dir) by extension 'ignore'
[2.135s] Level 1:colcon.colcon_core.package_identification:_identify(inverse-kinematics/build/rover_arm_moveit_config/CMakeFiles/rover_arm_moveit_config_uninstall.dir) by extension 'ignore_ament_install'
[2.135s] Level 1:colcon.colcon_core.package_identification:_identify(inverse-kinematics/build/rover_arm_moveit_config/CMakeFiles/rover_arm_moveit_config_uninstall.dir) by extensions ['colcon_pkg']
[2.135s] Level 1:colcon.colcon_core.package_identification:_identify(inverse-kinematics/build/rover_arm_moveit_config/CMakeFiles/rover_arm_moveit_config_uninstall.dir) by extension 'colcon_pkg'
[2.135s] Level 1:colcon.colcon_core.package_identification:_identify(inverse-kinematics/build/rover_arm_moveit_config/CMakeFiles/rover_arm_moveit_config_uninstall.dir) by extensions ['colcon_meta']
[2.135s] Level 1:colcon.colcon_core.package_identification:_identify(inverse-kinematics/build/rover_arm_moveit_config/CMakeFiles/rover_arm_moveit_config_uninstall.dir) by extension 'colcon_meta'
[2.135s] Level 1:colcon.colcon_core.package_identification:_identify(inverse-kinematics/build/rover_arm_moveit_config/CMakeFiles/rover_arm_moveit_config_uninstall.dir) by extensions ['ros']
[2.135s] Level 1:colcon.colcon_core.package_identification:_identify(inverse-kinematics/build/rover_arm_moveit_config/CMakeFiles/rover_arm_moveit_config_uninstall.dir) by extension 'ros'
[2.135s] Level 1:colcon.colcon_core.package_identification:_identify(inverse-kinematics/build/rover_arm_moveit_config/CMakeFiles/rover_arm_moveit_config_uninstall.dir) by extensions ['cmake', 'python']
[2.135s] Level 1:colcon.colcon_core.package_identification:_identify(inverse-kinematics/build/rover_arm_moveit_config/CMakeFiles/rover_arm_moveit_config_uninstall.dir) by extension 'cmake'
[2.136s] Level 1:colcon.colcon_core.package_identification:_identify(inverse-kinematics/build/rover_arm_moveit_config/CMakeFiles/rover_arm_moveit_config_uninstall.dir) by extension 'python'
[2.136s] Level 1:colcon.colcon_core.package_identification:_identify(inverse-kinematics/build/rover_arm_moveit_config/CMakeFiles/rover_arm_moveit_config_uninstall.dir) by extensions ['python_setup_py']
[2.136s] Level 1:colcon.colcon_core.package_identification:_identify(inverse-kinematics/build/rover_arm_moveit_config/CMakeFiles/rover_arm_moveit_config_uninstall.dir) by extension 'python_setup_py'
[2.137s] Level 1:colcon.colcon_core.package_identification:_identify(inverse-kinematics/build/rover_arm_moveit_config/CMakeFiles/uninstall.dir) by extensions ['ignore', 'ignore_ament_install']
[2.137s] Level 1:colcon.colcon_core.package_identification:_identify(inverse-kinematics/build/rover_arm_moveit_config/CMakeFiles/uninstall.dir) by extension 'ignore'
[2.138s] Level 1:colcon.colcon_core.package_identification:_identify(inverse-kinematics/build/rover_arm_moveit_config/CMakeFiles/uninstall.dir) by extension 'ignore_ament_install'
[2.138s] Level 1:colcon.colcon_core.package_identification:_identify(inverse-kinematics/build/rover_arm_moveit_config/CMakeFiles/uninstall.dir) by extensions ['colcon_pkg']
[2.138s] Level 1:colcon.colcon_core.package_identification:_identify(inverse-kinematics/build/rover_arm_moveit_config/CMakeFiles/uninstall.dir) by extension 'colcon_pkg'
[2.138s] Level 1:colcon.colcon_core.package_identification:_identify(inverse-kinematics/build/rover_arm_moveit_config/CMakeFiles/uninstall.dir) by extensions ['colcon_meta']
[2.138s] Level 1:colcon.colcon_core.package_identification:_identify(inverse-kinematics/build/rover_arm_moveit_config/CMakeFiles/uninstall.dir) by extension 'colcon_meta'
[2.138s] Level 1:colcon.colcon_core.package_identification:_identify(inverse-kinematics/build/rover_arm_moveit_config/CMakeFiles/uninstall.dir) by extensions ['ros']
[2.138s] Level 1:colcon.colcon_core.package_identification:_identify(inverse-kinematics/build/rover_arm_moveit_config/CMakeFiles/uninstall.dir) by extension 'ros'
[2.138s] Level 1:colcon.colcon_core.package_identification:_identify(inverse-kinematics/build/rover_arm_moveit_config/CMakeFiles/uninstall.dir) by extensions ['cmake', 'python']
[2.139s] Level 1:colcon.colcon_core.package_identification:_identify(inverse-kinematics/build/rover_arm_moveit_config/CMakeFiles/uninstall.dir) by extension 'cmake'
[2.139s] Level 1:colcon.colcon_core.package_identification:_identify(inverse-kinematics/build/rover_arm_moveit_config/CMakeFiles/uninstall.dir) by extension 'python'
[2.139s] Level 1:colcon.colcon_core.package_identification:_identify(inverse-kinematics/build/rover_arm_moveit_config/CMakeFiles/uninstall.dir) by extensions ['python_setup_py']
[2.139s] Level 1:colcon.colcon_core.package_identification:_identify(inverse-kinematics/build/rover_arm_moveit_config/CMakeFiles/uninstall.dir) by extension 'python_setup_py'
[2.140s] Level 1:colcon.colcon_core.package_identification:_identify(inverse-kinematics/ik_mux_controller) by extensions ['ignore', 'ignore_ament_install']
[2.140s] Level 1:colcon.colcon_core.package_identification:_identify(inverse-kinematics/ik_mux_controller) by extension 'ignore'
[2.140s] Level 1:colcon.colcon_core.package_identification:_identify(inverse-kinematics/ik_mux_controller) by extension 'ignore_ament_install'
[2.141s] Level 1:colcon.colcon_core.package_identification:_identify(inverse-kinematics/ik_mux_controller) by extensions ['colcon_pkg']
[2.141s] Level 1:colcon.colcon_core.package_identification:_identify(inverse-kinematics/ik_mux_controller) by extension 'colcon_pkg'
[2.141s] Level 1:colcon.colcon_core.package_identification:_identify(inverse-kinematics/ik_mux_controller) by extensions ['colcon_meta']
[2.141s] Level 1:colcon.colcon_core.package_identification:_identify(inverse-kinematics/ik_mux_controller) by extension 'colcon_meta'
[2.141s] Level 1:colcon.colcon_core.package_identification:_identify(inverse-kinematics/ik_mux_controller) by extensions ['ros']
[2.141s] Level 1:colcon.colcon_core.package_identification:_identify(inverse-kinematics/ik_mux_controller) by extension 'ros'
[2.145s] DEBUG:colcon.colcon_core.package_identification:Package 'inverse-kinematics/ik_mux_controller' with type 'ros.ament_cmake' and name 'ik_mux_controller'
[2.146s] Level 1:colcon.colcon_core.package_identification:_identify(inverse-kinematics/install) by extensions ['ignore', 'ignore_ament_install']
[2.146s] Level 1:colcon.colcon_core.package_identification:_identify(inverse-kinematics/install) by extension 'ignore'
[2.146s] Level 1:colcon.colcon_core.package_identification:_identify(inverse-kinematics/install) by extension 'ignore_ament_install'
[2.147s] Level 1:colcon.colcon_core.package_identification:_identify(inverse-kinematics/install) by extensions ['colcon_pkg']
[2.147s] Level 1:colcon.colcon_core.package_identification:_identify(inverse-kinematics/install) by extension 'colcon_pkg'
[2.147s] Level 1:colcon.colcon_core.package_identification:_identify(inverse-kinematics/install) by extensions ['colcon_meta']
[2.147s] Level 1:colcon.colcon_core.package_identification:_identify(inverse-kinematics/install) by extension 'colcon_meta'
[2.147s] Level 1:colcon.colcon_core.package_identification:_identify(inverse-kinematics/install) by extensions ['ros']
[2.147s] Level 1:colcon.colcon_core.package_identification:_identify(inverse-kinematics/install) by extension 'ros'
[2.147s] Level 1:colcon.colcon_core.package_identification:_identify(inverse-kinematics/install) by extensions ['cmake', 'python']
[2.147s] Level 1:colcon.colcon_core.package_identification:_identify(inverse-kinematics/install) by extension 'cmake'
[2.147s] Level 1:colcon.colcon_core.package_identification:_identify(inverse-kinematics/install) by extension 'python'
[2.147s] Level 1:colcon.colcon_core.package_identification:_identify(inverse-kinematics/install) by extensions ['python_setup_py']
[2.148s] Level 1:colcon.colcon_core.package_identification:_identify(inverse-kinematics/install) by extension 'python_setup_py'
[2.149s] Level 1:colcon.colcon_core.package_identification:_identify(inverse-kinematics/install/rover_arm_bringup) by extensions ['ignore', 'ignore_ament_install']
[2.149s] Level 1:colcon.colcon_core.package_identification:_identify(inverse-kinematics/install/rover_arm_bringup) by extension 'ignore'
[2.149s] Level 1:colcon.colcon_core.package_identification:_identify(inverse-kinematics/install/rover_arm_bringup) by extension 'ignore_ament_install'
[2.150s] Level 1:colcon.colcon_core.package_identification:_identify(inverse-kinematics/install/rover_arm_bringup) by extensions ['colcon_pkg']
[2.150s] Level 1:colcon.colcon_core.package_identification:_identify(inverse-kinematics/install/rover_arm_bringup) by extension 'colcon_pkg'
[2.150s] Level 1:colcon.colcon_core.package_identification:_identify(inverse-kinematics/install/rover_arm_bringup) by extensions ['colcon_meta']
[2.150s] Level 1:colcon.colcon_core.package_identification:_identify(inverse-kinematics/install/rover_arm_bringup) by extension 'colcon_meta'
[2.150s] Level 1:colcon.colcon_core.package_identification:_identify(inverse-kinematics/install/rover_arm_bringup) by extensions ['ros']
[2.150s] Level 1:colcon.colcon_core.package_identification:_identify(inverse-kinematics/install/rover_arm_bringup) by extension 'ros'
[2.150s] Level 1:colcon.colcon_core.package_identification:_identify(inverse-kinematics/install/rover_arm_bringup) by extensions ['cmake', 'python']
[2.150s] Level 1:colcon.colcon_core.package_identification:_identify(inverse-kinematics/install/rover_arm_bringup) by extension 'cmake'
[2.151s] Level 1:colcon.colcon_core.package_identification:_identify(inverse-kinematics/install/rover_arm_bringup) by extension 'python'
[2.151s] Level 1:colcon.colcon_core.package_identification:_identify(inverse-kinematics/install/rover_arm_bringup) by extensions ['python_setup_py']
[2.151s] Level 1:colcon.colcon_core.package_identification:_identify(inverse-kinematics/install/rover_arm_bringup) by extension 'python_setup_py'
[2.152s] Level 1:colcon.colcon_core.package_identification:_identify(inverse-kinematics/install/rover_arm_bringup/share) by extensions ['ignore', 'ignore_ament_install']
[2.152s] Level 1:colcon.colcon_core.package_identification:_identify(inverse-kinematics/install/rover_arm_bringup/share) by extension 'ignore'
[2.153s] Level 1:colcon.colcon_core.package_identification:_identify(inverse-kinematics/install/rover_arm_bringup/share) by extension 'ignore_ament_install'
[2.153s] Level 1:colcon.colcon_core.package_identification:_identify(inverse-kinematics/install/rover_arm_bringup/share) by extensions ['colcon_pkg']
[2.153s] Level 1:colcon.colcon_core.package_identification:_identify(inverse-kinematics/install/rover_arm_bringup/share) by extension 'colcon_pkg'
[2.153s] Level 1:colcon.colcon_core.package_identification:_identify(inverse-kinematics/install/rover_arm_bringup/share) by extensions ['colcon_meta']
[2.153s] Level 1:colcon.colcon_core.package_identification:_identify(inverse-kinematics/install/rover_arm_bringup/share) by extension 'colcon_meta'
[2.153s] Level 1:colcon.colcon_core.package_identification:_identify(inverse-kinematics/install/rover_arm_bringup/share) by extensions ['ros']
[2.153s] Level 1:colcon.colcon_core.package_identification:_identify(inverse-kinematics/install/rover_arm_bringup/share) by extension 'ros'
[2.154s] Level 1:colcon.colcon_core.package_identification:_identify(inverse-kinematics/install/rover_arm_bringup/share) by extensions ['cmake', 'python']
[2.154s] Level 1:colcon.colcon_core.package_identification:_identify(inverse-kinematics/install/rover_arm_bringup/share) by extension 'cmake'
[2.154s] Level 1:colcon.colcon_core.package_identification:_identify(inverse-kinematics/install/rover_arm_bringup/share) by extension 'python'
[2.154s] Level 1:colcon.colcon_core.package_identification:_identify(inverse-kinematics/install/rover_arm_bringup/share) by extensions ['python_setup_py']
[2.154s] Level 1:colcon.colcon_core.package_identification:_identify(inverse-kinematics/install/rover_arm_bringup/share) by extension 'python_setup_py'
[2.155s] Level 1:colcon.colcon_core.package_identification:_identify(inverse-kinematics/install/rover_arm_bringup/share/ament_index) by extensions ['ignore', 'ignore_ament_install']
[2.156s] Level 1:colcon.colcon_core.package_identification:_identify(inverse-kinematics/install/rover_arm_bringup/share/ament_index) by extension 'ignore'
[2.156s] Level 1:colcon.colcon_core.package_identification:_identify(inverse-kinematics/install/rover_arm_bringup/share/ament_index) by extension 'ignore_ament_install'
[2.156s] Level 1:colcon.colcon_core.package_identification:_identify(inverse-kinematics/install/rover_arm_bringup/share/ament_index) by extensions ['colcon_pkg']
[2.156s] Level 1:colcon.colcon_core.package_identification:_identify(inverse-kinematics/install/rover_arm_bringup/share/ament_index) by extension 'colcon_pkg'
[2.156s] Level 1:colcon.colcon_core.package_identification:_identify(inverse-kinematics/install/rover_arm_bringup/share/ament_index) by extensions ['colcon_meta']
[2.156s] Level 1:colcon.colcon_core.package_identification:_identify(inverse-kinematics/install/rover_arm_bringup/share/ament_index) by extension 'colcon_meta'
[2.156s] Level 1:colcon.colcon_core.package_identification:_identify(inverse-kinematics/install/rover_arm_bringup/share/ament_index) by extensions ['ros']
[2.156s] Level 1:colcon.colcon_core.package_identification:_identify(inverse-kinematics/install/rover_arm_bringup/share/ament_index) by extension 'ros'
[2.157s] Level 1:colcon.colcon_core.package_identification:_identify(inverse-kinematics/install/rover_arm_bringup/share/ament_index) by extensions ['cmake', 'python']
[2.157s] Level 1:colcon.colcon_core.package_identification:_identify(inverse-kinematics/install/rover_arm_bringup/share/ament_index) by extension 'cmake'
[2.157s] Level 1:colcon.colcon_core.package_identification:_identify(inverse-kinematics/install/rover_arm_bringup/share/ament_index) by extension 'python'
[2.157s] Level 1:colcon.colcon_core.package_identification:_identify(inverse-kinematics/install/rover_arm_bringup/share/ament_index) by extensions ['python_setup_py']
[2.157s] Level 1:colcon.colcon_core.package_identification:_identify(inverse-kinematics/install/rover_arm_bringup/share/ament_index) by extension 'python_setup_py'
[2.158s] Level 1:colcon.colcon_core.package_identification:_identify(inverse-kinematics/install/rover_arm_bringup/share/ament_index/resource_index) by extensions ['ignore', 'ignore_ament_install']
[2.159s] Level 1:colcon.colcon_core.package_identification:_identify(inverse-kinematics/install/rover_arm_bringup/share/ament_index/resource_index) by extension 'ignore'
[2.159s] Level 1:colcon.colcon_core.package_identification:_identify(inverse-kinematics/install/rover_arm_bringup/share/ament_index/resource_index) by extension 'ignore_ament_install'
[2.159s] Level 1:colcon.colcon_core.package_identification:_identify(inverse-kinematics/install/rover_arm_bringup/share/ament_index/resource_index) by extensions ['colcon_pkg']
[2.159s] Level 1:colcon.colcon_core.package_identification:_identify(inverse-kinematics/install/rover_arm_bringup/share/ament_index/resource_index) by extension 'colcon_pkg'
[2.159s] Level 1:colcon.colcon_core.package_identification:_identify(inverse-kinematics/install/rover_arm_bringup/share/ament_index/resource_index) by extensions ['colcon_meta']
[2.159s] Level 1:colcon.colcon_core.package_identification:_identify(inverse-kinematics/install/rover_arm_bringup/share/ament_index/resource_index) by extension 'colcon_meta'
[2.159s] Level 1:colcon.colcon_core.package_identification:_identify(inverse-kinematics/install/rover_arm_bringup/share/ament_index/resource_index) by extensions ['ros']
[2.159s] Level 1:colcon.colcon_core.package_identification:_identify(inverse-kinematics/install/rover_arm_bringup/share/ament_index/resource_index) by extension 'ros'
[2.160s] Level 1:colcon.colcon_core.package_identification:_identify(inverse-kinematics/install/rover_arm_bringup/share/ament_index/resource_index) by extensions ['cmake', 'python']
[2.160s] Level 1:colcon.colcon_core.package_identification:_identify(inverse-kinematics/install/rover_arm_bringup/share/ament_index/resource_index) by extension 'cmake'
[2.160s] Level 1:colcon.colcon_core.package_identification:_identify(inverse-kinematics/install/rover_arm_bringup/share/ament_index/resource_index) by extension 'python'
[2.160s] Level 1:colcon.colcon_core.package_identification:_identify(inverse-kinematics/install/rover_arm_bringup/share/ament_index/resource_index) by extensions ['python_setup_py']
[2.160s] Level 1:colcon.colcon_core.package_identification:_identify(inverse-kinematics/install/rover_arm_bringup/share/ament_index/resource_index) by extension 'python_setup_py'
[2.161s] Level 1:colcon.colcon_core.package_identification:_identify(inverse-kinematics/install/rover_arm_bringup/share/ament_index/resource_index/package_run_dependencies) by extensions ['ignore', 'ignore_ament_install']
[2.162s] Level 1:colcon.colcon_core.package_identification:_identify(inverse-kinematics/install/rover_arm_bringup/share/ament_index/resource_index/package_run_dependencies) by extension 'ignore'
[2.162s] Level 1:colcon.colcon_core.package_identification:_identify(inverse-kinematics/install/rover_arm_bringup/share/ament_index/resource_index/package_run_dependencies) by extension 'ignore_ament_install'
[2.162s] Level 1:colcon.colcon_core.package_identification:_identify(inverse-kinematics/install/rover_arm_bringup/share/ament_index/resource_index/package_run_dependencies) by extensions ['colcon_pkg']
[2.162s] Level 1:colcon.colcon_core.package_identification:_identify(inverse-kinematics/install/rover_arm_bringup/share/ament_index/resource_index/package_run_dependencies) by extension 'colcon_pkg'
[2.163s] Level 1:colcon.colcon_core.package_identification:_identify(inverse-kinematics/install/rover_arm_bringup/share/ament_index/resource_index/package_run_dependencies) by extensions ['colcon_meta']
[2.163s] Level 1:colcon.colcon_core.package_identification:_identify(inverse-kinematics/install/rover_arm_bringup/share/ament_index/resource_index/package_run_dependencies) by extension 'colcon_meta'
[2.163s] Level 1:colcon.colcon_core.package_identification:_identify(inverse-kinematics/install/rover_arm_bringup/share/ament_index/resource_index/package_run_dependencies) by extensions ['ros']
[2.163s] Level 1:colcon.colcon_core.package_identification:_identify(inverse-kinematics/install/rover_arm_bringup/share/ament_index/resource_index/package_run_dependencies) by extension 'ros'
[2.163s] Level 1:colcon.colcon_core.package_identification:_identify(inverse-kinematics/install/rover_arm_bringup/share/ament_index/resource_index/package_run_dependencies) by extensions ['cmake', 'python']
[2.163s] Level 1:colcon.colcon_core.package_identification:_identify(inverse-kinematics/install/rover_arm_bringup/share/ament_index/resource_index/package_run_dependencies) by extension 'cmake'
[2.164s] Level 1:colcon.colcon_core.package_identification:_identify(inverse-kinematics/install/rover_arm_bringup/share/ament_index/resource_index/package_run_dependencies) by extension 'python'
[2.164s] Level 1:colcon.colcon_core.package_identification:_identify(inverse-kinematics/install/rover_arm_bringup/share/ament_index/resource_index/package_run_dependencies) by extensions ['python_setup_py']
[2.164s] Level 1:colcon.colcon_core.package_identification:_identify(inverse-kinematics/install/rover_arm_bringup/share/ament_index/resource_index/package_run_dependencies) by extension 'python_setup_py'
[2.166s] Level 1:colcon.colcon_core.package_identification:_identify(inverse-kinematics/install/rover_arm_bringup/share/ament_index/resource_index/packages) by extensions ['ignore', 'ignore_ament_install']
[2.166s] Level 1:colcon.colcon_core.package_identification:_identify(inverse-kinematics/install/rover_arm_bringup/share/ament_index/resource_index/packages) by extension 'ignore'
[2.166s] Level 1:colcon.colcon_core.package_identification:_identify(inverse-kinematics/install/rover_arm_bringup/share/ament_index/resource_index/packages) by extension 'ignore_ament_install'
[2.166s] Level 1:colcon.colcon_core.package_identification:_identify(inverse-kinematics/install/rover_arm_bringup/share/ament_index/resource_index/packages) by extensions ['colcon_pkg']
[2.166s] Level 1:colcon.colcon_core.package_identification:_identify(inverse-kinematics/install/rover_arm_bringup/share/ament_index/resource_index/packages) by extension 'colcon_pkg'
[2.166s] Level 1:colcon.colcon_core.package_identification:_identify(inverse-kinematics/install/rover_arm_bringup/share/ament_index/resource_index/packages) by extensions ['colcon_meta']
[2.167s] Level 1:colcon.colcon_core.package_identification:_identify(inverse-kinematics/install/rover_arm_bringup/share/ament_index/resource_index/packages) by extension 'colcon_meta'
[2.167s] Level 1:colcon.colcon_core.package_identification:_identify(inverse-kinematics/install/rover_arm_bringup/share/ament_index/resource_index/packages) by extensions ['ros']
[2.167s] Level 1:colcon.colcon_core.package_identification:_identify(inverse-kinematics/install/rover_arm_bringup/share/ament_index/resource_index/packages) by extension 'ros'
[2.167s] Level 1:colcon.colcon_core.package_identification:_identify(inverse-kinematics/install/rover_arm_bringup/share/ament_index/resource_index/packages) by extensions ['cmake', 'python']
[2.167s] Level 1:colcon.colcon_core.package_identification:_identify(inverse-kinematics/install/rover_arm_bringup/share/ament_index/resource_index/packages) by extension 'cmake'
[2.167s] Level 1:colcon.colcon_core.package_identification:_identify(inverse-kinematics/install/rover_arm_bringup/share/ament_index/resource_index/packages) by extension 'python'
[2.167s] Level 1:colcon.colcon_core.package_identification:_identify(inverse-kinematics/install/rover_arm_bringup/share/ament_index/resource_index/packages) by extensions ['python_setup_py']
[2.168s] Level 1:colcon.colcon_core.package_identification:_identify(inverse-kinematics/install/rover_arm_bringup/share/ament_index/resource_index/packages) by extension 'python_setup_py'
[2.169s] Level 1:colcon.colcon_core.package_identification:_identify(inverse-kinematics/install/rover_arm_bringup/share/ament_index/resource_index/parent_prefix_path) by extensions ['ignore', 'ignore_ament_install']
[2.169s] Level 1:colcon.colcon_core.package_identification:_identify(inverse-kinematics/install/rover_arm_bringup/share/ament_index/resource_index/parent_prefix_path) by extension 'ignore'
[2.170s] Level 1:colcon.colcon_core.package_identification:_identify(inverse-kinematics/install/rover_arm_bringup/share/ament_index/resource_index/parent_prefix_path) by extension 'ignore_ament_install'
[2.170s] Level 1:colcon.colcon_core.package_identification:_identify(inverse-kinematics/install/rover_arm_bringup/share/ament_index/resource_index/parent_prefix_path) by extensions ['colcon_pkg']
[2.170s] Level 1:colcon.colcon_core.package_identification:_identify(inverse-kinematics/install/rover_arm_bringup/share/ament_index/resource_index/parent_prefix_path) by extension 'colcon_pkg'
[2.170s] Level 1:colcon.colcon_core.package_identification:_identify(inverse-kinematics/install/rover_arm_bringup/share/ament_index/resource_index/parent_prefix_path) by extensions ['colcon_meta']
[2.170s] Level 1:colcon.colcon_core.package_identification:_identify(inverse-kinematics/install/rover_arm_bringup/share/ament_index/resource_index/parent_prefix_path) by extension 'colcon_meta'
[2.170s] Level 1:colcon.colcon_core.package_identification:_identify(inverse-kinematics/install/rover_arm_bringup/share/ament_index/resource_index/parent_prefix_path) by extensions ['ros']
[2.170s] Level 1:colcon.colcon_core.package_identification:_identify(inverse-kinematics/install/rover_arm_bringup/share/ament_index/resource_index/parent_prefix_path) by extension 'ros'
[2.171s] Level 1:colcon.colcon_core.package_identification:_identify(inverse-kinematics/install/rover_arm_bringup/share/ament_index/resource_index/parent_prefix_path) by extensions ['cmake', 'python']
[2.171s] Level 1:colcon.colcon_core.package_identification:_identify(inverse-kinematics/install/rover_arm_bringup/share/ament_index/resource_index/parent_prefix_path) by extension 'cmake'
[2.171s] Level 1:colcon.colcon_core.package_identification:_identify(inverse-kinematics/install/rover_arm_bringup/share/ament_index/resource_index/parent_prefix_path) by extension 'python'
[2.171s] Level 1:colcon.colcon_core.package_identification:_identify(inverse-kinematics/install/rover_arm_bringup/share/ament_index/resource_index/parent_prefix_path) by extensions ['python_setup_py']
[2.171s] Level 1:colcon.colcon_core.package_identification:_identify(inverse-kinematics/install/rover_arm_bringup/share/ament_index/resource_index/parent_prefix_path) by extension 'python_setup_py'
[2.173s] Level 1:colcon.colcon_core.package_identification:_identify(inverse-kinematics/install/rover_arm_bringup/share/colcon-core) by extensions ['ignore', 'ignore_ament_install']
[2.173s] Level 1:colcon.colcon_core.package_identification:_identify(inverse-kinematics/install/rover_arm_bringup/share/colcon-core) by extension 'ignore'
[2.173s] Level 1:colcon.colcon_core.package_identification:_identify(inverse-kinematics/install/rover_arm_bringup/share/colcon-core) by extension 'ignore_ament_install'
[2.173s] Level 1:colcon.colcon_core.package_identification:_identify(inverse-kinematics/install/rover_arm_bringup/share/colcon-core) by extensions ['colcon_pkg']
[2.173s] Level 1:colcon.colcon_core.package_identification:_identify(inverse-kinematics/install/rover_arm_bringup/share/colcon-core) by extension 'colcon_pkg'
[2.173s] Level 1:colcon.colcon_core.package_identification:_identify(inverse-kinematics/install/rover_arm_bringup/share/colcon-core) by extensions ['colcon_meta']
[2.174s] Level 1:colcon.colcon_core.package_identification:_identify(inverse-kinematics/install/rover_arm_bringup/share/colcon-core) by extension 'colcon_meta'
[2.174s] Level 1:colcon.colcon_core.package_identification:_identify(inverse-kinematics/install/rover_arm_bringup/share/colcon-core) by extensions ['ros']
[2.174s] Level 1:colcon.colcon_core.package_identification:_identify(inverse-kinematics/install/rover_arm_bringup/share/colcon-core) by extension 'ros'
[2.174s] Level 1:colcon.colcon_core.package_identification:_identify(inverse-kinematics/install/rover_arm_bringup/share/colcon-core) by extensions ['cmake', 'python']
[2.174s] Level 1:colcon.colcon_core.package_identification:_identify(inverse-kinematics/install/rover_arm_bringup/share/colcon-core) by extension 'cmake'
[2.174s] Level 1:colcon.colcon_core.package_identification:_identify(inverse-kinematics/install/rover_arm_bringup/share/colcon-core) by extension 'python'
[2.174s] Level 1:colcon.colcon_core.package_identification:_identify(inverse-kinematics/install/rover_arm_bringup/share/colcon-core) by extensions ['python_setup_py']
[2.175s] Level 1:colcon.colcon_core.package_identification:_identify(inverse-kinematics/install/rover_arm_bringup/share/colcon-core) by extension 'python_setup_py'
[2.176s] Level 1:colcon.colcon_core.package_identification:_identify(inverse-kinematics/install/rover_arm_bringup/share/colcon-core/packages) by extensions ['ignore', 'ignore_ament_install']
[2.176s] Level 1:colcon.colcon_core.package_identification:_identify(inverse-kinematics/install/rover_arm_bringup/share/colcon-core/packages) by extension 'ignore'
[2.176s] Level 1:colcon.colcon_core.package_identification:_identify(inverse-kinematics/install/rover_arm_bringup/share/colcon-core/packages) by extension 'ignore_ament_install'
[2.176s] Level 1:colcon.colcon_core.package_identification:_identify(inverse-kinematics/install/rover_arm_bringup/share/colcon-core/packages) by extensions ['colcon_pkg']
[2.176s] Level 1:colcon.colcon_core.package_identification:_identify(inverse-kinematics/install/rover_arm_bringup/share/colcon-core/packages) by extension 'colcon_pkg'
[2.176s] Level 1:colcon.colcon_core.package_identification:_identify(inverse-kinematics/install/rover_arm_bringup/share/colcon-core/packages) by extensions ['colcon_meta']
[2.176s] Level 1:colcon.colcon_core.package_identification:_identify(inverse-kinematics/install/rover_arm_bringup/share/colcon-core/packages) by extension 'colcon_meta'
[2.177s] Level 1:colcon.colcon_core.package_identification:_identify(inverse-kinematics/install/rover_arm_bringup/share/colcon-core/packages) by extensions ['ros']
[2.177s] Level 1:colcon.colcon_core.package_identification:_identify(inverse-kinematics/install/rover_arm_bringup/share/colcon-core/packages) by extension 'ros'
[2.177s] Level 1:colcon.colcon_core.package_identification:_identify(inverse-kinematics/install/rover_arm_bringup/share/colcon-core/packages) by extensions ['cmake', 'python']
[2.177s] Level 1:colcon.colcon_core.package_identification:_identify(inverse-kinematics/install/rover_arm_bringup/share/colcon-core/packages) by extension 'cmake'
[2.177s] Level 1:colcon.colcon_core.package_identification:_identify(inverse-kinematics/install/rover_arm_bringup/share/colcon-core/packages) by extension 'python'
[2.177s] Level 1:colcon.colcon_core.package_identification:_identify(inverse-kinematics/install/rover_arm_bringup/share/colcon-core/packages) by extensions ['python_setup_py']
[2.177s] Level 1:colcon.colcon_core.package_identification:_identify(inverse-kinematics/install/rover_arm_bringup/share/colcon-core/packages) by extension 'python_setup_py'
[2.178s] Level 1:colcon.colcon_core.package_identification:_identify(inverse-kinematics/install/rover_arm_bringup/share/rover_arm_bringup) by extensions ['ignore', 'ignore_ament_install']
[2.179s] Level 1:colcon.colcon_core.package_identification:_identify(inverse-kinematics/install/rover_arm_bringup/share/rover_arm_bringup) by extension 'ignore'
[2.179s] Level 1:colcon.colcon_core.package_identification:_identify(inverse-kinematics/install/rover_arm_bringup/share/rover_arm_bringup) by extension 'ignore_ament_install'
[2.179s] Level 1:colcon.colcon_core.package_identification:_identify(inverse-kinematics/install/rover_arm_bringup/share/rover_arm_bringup) by extensions ['colcon_pkg']
[2.179s] Level 1:colcon.colcon_core.package_identification:_identify(inverse-kinematics/install/rover_arm_bringup/share/rover_arm_bringup) by extension 'colcon_pkg'
[2.179s] Level 1:colcon.colcon_core.package_identification:_identify(inverse-kinematics/install/rover_arm_bringup/share/rover_arm_bringup) by extensions ['colcon_meta']
[2.179s] Level 1:colcon.colcon_core.package_identification:_identify(inverse-kinematics/install/rover_arm_bringup/share/rover_arm_bringup) by extension 'colcon_meta'
[2.179s] Level 1:colcon.colcon_core.package_identification:_identify(inverse-kinematics/install/rover_arm_bringup/share/rover_arm_bringup) by extensions ['ros']
[2.179s] Level 1:colcon.colcon_core.package_identification:_identify(inverse-kinematics/install/rover_arm_bringup/share/rover_arm_bringup) by extension 'ros'
[2.180s] Level 1:colcon.colcon_core.package_identification:_identify(inverse-kinematics/install/rover_arm_bringup/share/rover_arm_bringup) by extensions ['cmake', 'python']
[2.180s] Level 1:colcon.colcon_core.package_identification:_identify(inverse-kinematics/install/rover_arm_bringup/share/rover_arm_bringup) by extension 'cmake'
[2.180s] Level 1:colcon.colcon_core.package_identification:_identify(inverse-kinematics/install/rover_arm_bringup/share/rover_arm_bringup) by extension 'python'
[2.180s] Level 1:colcon.colcon_core.package_identification:_identify(inverse-kinematics/install/rover_arm_bringup/share/rover_arm_bringup) by extensions ['python_setup_py']
[2.180s] Level 1:colcon.colcon_core.package_identification:_identify(inverse-kinematics/install/rover_arm_bringup/share/rover_arm_bringup) by extension 'python_setup_py'
[2.180s] Level 1:colcon.colcon_core.package_identification:_identify(inverse-kinematics/install/rover_arm_bringup/share/rover_arm_bringup/cmake) by extensions ['ignore', 'ignore_ament_install']
[2.180s] Level 1:colcon.colcon_core.package_identification:_identify(inverse-kinematics/install/rover_arm_bringup/share/rover_arm_bringup/cmake) by extension 'ignore'
[2.181s] Level 1:colcon.colcon_core.package_identification:_identify(inverse-kinematics/install/rover_arm_bringup/share/rover_arm_bringup/cmake) by extension 'ignore_ament_install'
[2.181s] Level 1:colcon.colcon_core.package_identification:_identify(inverse-kinematics/install/rover_arm_bringup/share/rover_arm_bringup/cmake) by extensions ['colcon_pkg']
[2.181s] Level 1:colcon.colcon_core.package_identification:_identify(inverse-kinematics/install/rover_arm_bringup/share/rover_arm_bringup/cmake) by extension 'colcon_pkg'
[2.181s] Level 1:colcon.colcon_core.package_identification:_identify(inverse-kinematics/install/rover_arm_bringup/share/rover_arm_bringup/cmake) by extensions ['colcon_meta']
[2.181s] Level 1:colcon.colcon_core.package_identification:_identify(inverse-kinematics/install/rover_arm_bringup/share/rover_arm_bringup/cmake) by extension 'colcon_meta'
[2.181s] Level 1:colcon.colcon_core.package_identification:_identify(inverse-kinematics/install/rover_arm_bringup/share/rover_arm_bringup/cmake) by extensions ['ros']
[2.181s] Level 1:colcon.colcon_core.package_identification:_identify(inverse-kinematics/install/rover_arm_bringup/share/rover_arm_bringup/cmake) by extension 'ros'
[2.181s] Level 1:colcon.colcon_core.package_identification:_identify(inverse-kinematics/install/rover_arm_bringup/share/rover_arm_bringup/cmake) by extensions ['cmake', 'python']
[2.181s] Level 1:colcon.colcon_core.package_identification:_identify(inverse-kinematics/install/rover_arm_bringup/share/rover_arm_bringup/cmake) by extension 'cmake'
[2.181s] Level 1:colcon.colcon_core.package_identification:_identify(inverse-kinematics/install/rover_arm_bringup/share/rover_arm_bringup/cmake) by extension 'python'
[2.182s] Level 1:colcon.colcon_core.package_identification:_identify(inverse-kinematics/install/rover_arm_bringup/share/rover_arm_bringup/cmake) by extensions ['python_setup_py']
[2.182s] Level 1:colcon.colcon_core.package_identification:_identify(inverse-kinematics/install/rover_arm_bringup/share/rover_arm_bringup/cmake) by extension 'python_setup_py'
[2.182s] Level 1:colcon.colcon_core.package_identification:_identify(inverse-kinematics/install/rover_arm_bringup/share/rover_arm_bringup/config) by extensions ['ignore', 'ignore_ament_install']
[2.182s] Level 1:colcon.colcon_core.package_identification:_identify(inverse-kinematics/install/rover_arm_bringup/share/rover_arm_bringup/config) by extension 'ignore'
[2.182s] Level 1:colcon.colcon_core.package_identification:_identify(inverse-kinematics/install/rover_arm_bringup/share/rover_arm_bringup/config) by extension 'ignore_ament_install'
[2.183s] Level 1:colcon.colcon_core.package_identification:_identify(inverse-kinematics/install/rover_arm_bringup/share/rover_arm_bringup/config) by extensions ['colcon_pkg']
[2.183s] Level 1:colcon.colcon_core.package_identification:_identify(inverse-kinematics/install/rover_arm_bringup/share/rover_arm_bringup/config) by extension 'colcon_pkg'
[2.183s] Level 1:colcon.colcon_core.package_identification:_identify(inverse-kinematics/install/rover_arm_bringup/share/rover_arm_bringup/config) by extensions ['colcon_meta']
[2.183s] Level 1:colcon.colcon_core.package_identification:_identify(inverse-kinematics/install/rover_arm_bringup/share/rover_arm_bringup/config) by extension 'colcon_meta'
[2.183s] Level 1:colcon.colcon_core.package_identification:_identify(inverse-kinematics/install/rover_arm_bringup/share/rover_arm_bringup/config) by extensions ['ros']
[2.183s] Level 1:colcon.colcon_core.package_identification:_identify(inverse-kinematics/install/rover_arm_bringup/share/rover_arm_bringup/config) by extension 'ros'
[2.183s] Level 1:colcon.colcon_core.package_identification:_identify(inverse-kinematics/install/rover_arm_bringup/share/rover_arm_bringup/config) by extensions ['cmake', 'python']
[2.183s] Level 1:colcon.colcon_core.package_identification:_identify(inverse-kinematics/install/rover_arm_bringup/share/rover_arm_bringup/config) by extension 'cmake'
[2.184s] Level 1:colcon.colcon_core.package_identification:_identify(inverse-kinematics/install/rover_arm_bringup/share/rover_arm_bringup/config) by extension 'python'
[2.184s] Level 1:colcon.colcon_core.package_identification:_identify(inverse-kinematics/install/rover_arm_bringup/share/rover_arm_bringup/config) by extensions ['python_setup_py']
[2.184s] Level 1:colcon.colcon_core.package_identification:_identify(inverse-kinematics/install/rover_arm_bringup/share/rover_arm_bringup/config) by extension 'python_setup_py'
[2.184s] Level 1:colcon.colcon_core.package_identification:_identify(inverse-kinematics/install/rover_arm_bringup/share/rover_arm_bringup/environment) by extensions ['ignore', 'ignore_ament_install']
[2.184s] Level 1:colcon.colcon_core.package_identification:_identify(inverse-kinematics/install/rover_arm_bringup/share/rover_arm_bringup/environment) by extension 'ignore'
[2.184s] Level 1:colcon.colcon_core.package_identification:_identify(inverse-kinematics/install/rover_arm_bringup/share/rover_arm_bringup/environment) by extension 'ignore_ament_install'
[2.185s] Level 1:colcon.colcon_core.package_identification:_identify(inverse-kinematics/install/rover_arm_bringup/share/rover_arm_bringup/environment) by extensions ['colcon_pkg']
[2.185s] Level 1:colcon.colcon_core.package_identification:_identify(inverse-kinematics/install/rover_arm_bringup/share/rover_arm_bringup/environment) by extension 'colcon_pkg'
[2.185s] Level 1:colcon.colcon_core.package_identification:_identify(inverse-kinematics/install/rover_arm_bringup/share/rover_arm_bringup/environment) by extensions ['colcon_meta']
[2.185s] Level 1:colcon.colcon_core.package_identification:_identify(inverse-kinematics/install/rover_arm_bringup/share/rover_arm_bringup/environment) by extension 'colcon_meta'
[2.185s] Level 1:colcon.colcon_core.package_identification:_identify(inverse-kinematics/install/rover_arm_bringup/share/rover_arm_bringup/environment) by extensions ['ros']
[2.185s] Level 1:colcon.colcon_core.package_identification:_identify(inverse-kinematics/install/rover_arm_bringup/share/rover_arm_bringup/environment) by extension 'ros'
[2.185s] Level 1:colcon.colcon_core.package_identification:_identify(inverse-kinematics/install/rover_arm_bringup/share/rover_arm_bringup/environment) by extensions ['cmake', 'python']
[2.185s] Level 1:colcon.colcon_core.package_identification:_identify(inverse-kinematics/install/rover_arm_bringup/share/rover_arm_bringup/environment) by extension 'cmake'
[2.185s] Level 1:colcon.colcon_core.package_identification:_identify(inverse-kinematics/install/rover_arm_bringup/share/rover_arm_bringup/environment) by extension 'python'
[2.185s] Level 1:colcon.colcon_core.package_identification:_identify(inverse-kinematics/install/rover_arm_bringup/share/rover_arm_bringup/environment) by extensions ['python_setup_py']
[2.186s] Level 1:colcon.colcon_core.package_identification:_identify(inverse-kinematics/install/rover_arm_bringup/share/rover_arm_bringup/environment) by extension 'python_setup_py'
[2.186s] Level 1:colcon.colcon_core.package_identification:_identify(inverse-kinematics/install/rover_arm_bringup/share/rover_arm_bringup/hook) by extensions ['ignore', 'ignore_ament_install']
[2.186s] Level 1:colcon.colcon_core.package_identification:_identify(inverse-kinematics/install/rover_arm_bringup/share/rover_arm_bringup/hook) by extension 'ignore'
[2.186s] Level 1:colcon.colcon_core.package_identification:_identify(inverse-kinematics/install/rover_arm_bringup/share/rover_arm_bringup/hook) by extension 'ignore_ament_install'
[2.186s] Level 1:colcon.colcon_core.package_identification:_identify(inverse-kinematics/install/rover_arm_bringup/share/rover_arm_bringup/hook) by extensions ['colcon_pkg']
[2.186s] Level 1:colcon.colcon_core.package_identification:_identify(inverse-kinematics/install/rover_arm_bringup/share/rover_arm_bringup/hook) by extension 'colcon_pkg'
[2.186s] Level 1:colcon.colcon_core.package_identification:_identify(inverse-kinematics/install/rover_arm_bringup/share/rover_arm_bringup/hook) by extensions ['colcon_meta']
[2.186s] Level 1:colcon.colcon_core.package_identification:_identify(inverse-kinematics/install/rover_arm_bringup/share/rover_arm_bringup/hook) by extension 'colcon_meta'
[2.187s] Level 1:colcon.colcon_core.package_identification:_identify(inverse-kinematics/install/rover_arm_bringup/share/rover_arm_bringup/hook) by extensions ['ros']
[2.187s] Level 1:colcon.colcon_core.package_identification:_identify(inverse-kinematics/install/rover_arm_bringup/share/rover_arm_bringup/hook) by extension 'ros'
[2.187s] Level 1:colcon.colcon_core.package_identification:_identify(inverse-kinematics/install/rover_arm_bringup/share/rover_arm_bringup/hook) by extensions ['cmake', 'python']
[2.187s] Level 1:colcon.colcon_core.package_identification:_identify(inverse-kinematics/install/rover_arm_bringup/share/rover_arm_bringup/hook) by extension 'cmake'
[2.187s] Level 1:colcon.colcon_core.package_identification:_identify(inverse-kinematics/install/rover_arm_bringup/share/rover_arm_bringup/hook) by extension 'python'
[2.187s] Level 1:colcon.colcon_core.package_identification:_identify(inverse-kinematics/install/rover_arm_bringup/share/rover_arm_bringup/hook) by extensions ['python_setup_py']
[2.187s] Level 1:colcon.colcon_core.package_identification:_identify(inverse-kinematics/install/rover_arm_bringup/share/rover_arm_bringup/hook) by extension 'python_setup_py'
[2.187s] Level 1:colcon.colcon_core.package_identification:_identify(inverse-kinematics/install/rover_arm_bringup/share/rover_arm_bringup/launch) by extensions ['ignore', 'ignore_ament_install']
[2.188s] Level 1:colcon.colcon_core.package_identification:_identify(inverse-kinematics/install/rover_arm_bringup/share/rover_arm_bringup/launch) by extension 'ignore'
[2.188s] Level 1:colcon.colcon_core.package_identification:_identify(inverse-kinematics/install/rover_arm_bringup/share/rover_arm_bringup/launch) by extension 'ignore_ament_install'
[2.188s] Level 1:colcon.colcon_core.package_identification:_identify(inverse-kinematics/install/rover_arm_bringup/share/rover_arm_bringup/launch) by extensions ['colcon_pkg']
[2.188s] Level 1:colcon.colcon_core.package_identification:_identify(inverse-kinematics/install/rover_arm_bringup/share/rover_arm_bringup/launch) by extension 'colcon_pkg'
[2.188s] Level 1:colcon.colcon_core.package_identification:_identify(inverse-kinematics/install/rover_arm_bringup/share/rover_arm_bringup/launch) by extensions ['colcon_meta']
[2.188s] Level 1:colcon.colcon_core.package_identification:_identify(inverse-kinematics/install/rover_arm_bringup/share/rover_arm_bringup/launch) by extension 'colcon_meta'
[2.189s] Level 1:colcon.colcon_core.package_identification:_identify(inverse-kinematics/install/rover_arm_bringup/share/rover_arm_bringup/launch) by extensions ['ros']
[2.189s] Level 1:colcon.colcon_core.package_identification:_identify(inverse-kinematics/install/rover_arm_bringup/share/rover_arm_bringup/launch) by extension 'ros'
[2.189s] Level 1:colcon.colcon_core.package_identification:_identify(inverse-kinematics/install/rover_arm_bringup/share/rover_arm_bringup/launch) by extensions ['cmake', 'python']
[2.189s] Level 1:colcon.colcon_core.package_identification:_identify(inverse-kinematics/install/rover_arm_bringup/share/rover_arm_bringup/launch) by extension 'cmake'
[2.189s] Level 1:colcon.colcon_core.package_identification:_identify(inverse-kinematics/install/rover_arm_bringup/share/rover_arm_bringup/launch) by extension 'python'
[2.189s] Level 1:colcon.colcon_core.package_identification:_identify(inverse-kinematics/install/rover_arm_bringup/share/rover_arm_bringup/launch) by extensions ['python_setup_py']
[2.189s] Level 1:colcon.colcon_core.package_identification:_identify(inverse-kinematics/install/rover_arm_bringup/share/rover_arm_bringup/launch) by extension 'python_setup_py'
[2.189s] Level 1:colcon.colcon_core.package_identification:_identify(inverse-kinematics/install/rover_arm_moveit_config) by extensions ['ignore', 'ignore_ament_install']
[2.190s] Level 1:colcon.colcon_core.package_identification:_identify(inverse-kinematics/install/rover_arm_moveit_config) by extension 'ignore'
[2.190s] Level 1:colcon.colcon_core.package_identification:_identify(inverse-kinematics/install/rover_arm_moveit_config) by extension 'ignore_ament_install'
[2.190s] Level 1:colcon.colcon_core.package_identification:_identify(inverse-kinematics/install/rover_arm_moveit_config) by extensions ['colcon_pkg']
[2.190s] Level 1:colcon.colcon_core.package_identification:_identify(inverse-kinematics/install/rover_arm_moveit_config) by extension 'colcon_pkg'
[2.190s] Level 1:colcon.colcon_core.package_identification:_identify(inverse-kinematics/install/rover_arm_moveit_config) by extensions ['colcon_meta']
[2.191s] Level 1:colcon.colcon_core.package_identification:_identify(inverse-kinematics/install/rover_arm_moveit_config) by extension 'colcon_meta'
[2.191s] Level 1:colcon.colcon_core.package_identification:_identify(inverse-kinematics/install/rover_arm_moveit_config) by extensions ['ros']
[2.191s] Level 1:colcon.colcon_core.package_identification:_identify(inverse-kinematics/install/rover_arm_moveit_config) by extension 'ros'
[2.191s] Level 1:colcon.colcon_core.package_identification:_identify(inverse-kinematics/install/rover_arm_moveit_config) by extensions ['cmake', 'python']
[2.191s] Level 1:colcon.colcon_core.package_identification:_identify(inverse-kinematics/install/rover_arm_moveit_config) by extension 'cmake'
[2.191s] Level 1:colcon.colcon_core.package_identification:_identify(inverse-kinematics/install/rover_arm_moveit_config) by extension 'python'
[2.191s] Level 1:colcon.colcon_core.package_identification:_identify(inverse-kinematics/install/rover_arm_moveit_config) by extensions ['python_setup_py']
[2.191s] Level 1:colcon.colcon_core.package_identification:_identify(inverse-kinematics/install/rover_arm_moveit_config) by extension 'python_setup_py'
[2.193s] Level 1:colcon.colcon_core.package_identification:_identify(inverse-kinematics/install/rover_arm_moveit_config/share) by extensions ['ignore', 'ignore_ament_install']
[2.193s] Level 1:colcon.colcon_core.package_identification:_identify(inverse-kinematics/install/rover_arm_moveit_config/share) by extension 'ignore'
[2.193s] Level 1:colcon.colcon_core.package_identification:_identify(inverse-kinematics/install/rover_arm_moveit_config/share) by extension 'ignore_ament_install'
[2.193s] Level 1:colcon.colcon_core.package_identification:_identify(inverse-kinematics/install/rover_arm_moveit_config/share) by extensions ['colcon_pkg']
[2.194s] Level 1:colcon.colcon_core.package_identification:_identify(inverse-kinematics/install/rover_arm_moveit_config/share) by extension 'colcon_pkg'
[2.194s] Level 1:colcon.colcon_core.package_identification:_identify(inverse-kinematics/install/rover_arm_moveit_config/share) by extensions ['colcon_meta']
[2.194s] Level 1:colcon.colcon_core.package_identification:_identify(inverse-kinematics/install/rover_arm_moveit_config/share) by extension 'colcon_meta'
[2.194s] Level 1:colcon.colcon_core.package_identification:_identify(inverse-kinematics/install/rover_arm_moveit_config/share) by extensions ['ros']
[2.194s] Level 1:colcon.colcon_core.package_identification:_identify(inverse-kinematics/install/rover_arm_moveit_config/share) by extension 'ros'
[2.194s] Level 1:colcon.colcon_core.package_identification:_identify(inverse-kinematics/install/rover_arm_moveit_config/share) by extensions ['cmake', 'python']
[2.194s] Level 1:colcon.colcon_core.package_identification:_identify(inverse-kinematics/install/rover_arm_moveit_config/share) by extension 'cmake'
[2.195s] Level 1:colcon.colcon_core.package_identification:_identify(inverse-kinematics/install/rover_arm_moveit_config/share) by extension 'python'
[2.195s] Level 1:colcon.colcon_core.package_identification:_identify(inverse-kinematics/install/rover_arm_moveit_config/share) by extensions ['python_setup_py']
[2.195s] Level 1:colcon.colcon_core.package_identification:_identify(inverse-kinematics/install/rover_arm_moveit_config/share) by extension 'python_setup_py'
[2.195s] Level 1:colcon.colcon_core.package_identification:_identify(inverse-kinematics/install/rover_arm_moveit_config/share/rover_arm_moveit_config) by extensions ['ignore', 'ignore_ament_install']
[2.195s] Level 1:colcon.colcon_core.package_identification:_identify(inverse-kinematics/install/rover_arm_moveit_config/share/rover_arm_moveit_config) by extension 'ignore'
[2.195s] Level 1:colcon.colcon_core.package_identification:_identify(inverse-kinematics/install/rover_arm_moveit_config/share/rover_arm_moveit_config) by extension 'ignore_ament_install'
[2.196s] Level 1:colcon.colcon_core.package_identification:_identify(inverse-kinematics/install/rover_arm_moveit_config/share/rover_arm_moveit_config) by extensions ['colcon_pkg']
[2.196s] Level 1:colcon.colcon_core.package_identification:_identify(inverse-kinematics/install/rover_arm_moveit_config/share/rover_arm_moveit_config) by extension 'colcon_pkg'
[2.196s] Level 1:colcon.colcon_core.package_identification:_identify(inverse-kinematics/install/rover_arm_moveit_config/share/rover_arm_moveit_config) by extensions ['colcon_meta']
[2.196s] Level 1:colcon.colcon_core.package_identification:_identify(inverse-kinematics/install/rover_arm_moveit_config/share/rover_arm_moveit_config) by extension 'colcon_meta'
[2.196s] Level 1:colcon.colcon_core.package_identification:_identify(inverse-kinematics/install/rover_arm_moveit_config/share/rover_arm_moveit_config) by extensions ['ros']
[2.196s] Level 1:colcon.colcon_core.package_identification:_identify(inverse-kinematics/install/rover_arm_moveit_config/share/rover_arm_moveit_config) by extension 'ros'
[2.196s] Level 1:colcon.colcon_core.package_identification:_identify(inverse-kinematics/install/rover_arm_moveit_config/share/rover_arm_moveit_config) by extensions ['cmake', 'python']
[2.196s] Level 1:colcon.colcon_core.package_identification:_identify(inverse-kinematics/install/rover_arm_moveit_config/share/rover_arm_moveit_config) by extension 'cmake'
[2.196s] Level 1:colcon.colcon_core.package_identification:_identify(inverse-kinematics/install/rover_arm_moveit_config/share/rover_arm_moveit_config) by extension 'python'
[2.197s] Level 1:colcon.colcon_core.package_identification:_identify(inverse-kinematics/install/rover_arm_moveit_config/share/rover_arm_moveit_config) by extensions ['python_setup_py']
[2.197s] Level 1:colcon.colcon_core.package_identification:_identify(inverse-kinematics/install/rover_arm_moveit_config/share/rover_arm_moveit_config) by extension 'python_setup_py'
[2.198s] Level 1:colcon.colcon_core.package_identification:_identify(inverse-kinematics/install/rover_arm_moveit_config/share/rover_arm_moveit_config/launch) by extensions ['ignore', 'ignore_ament_install']
[2.198s] Level 1:colcon.colcon_core.package_identification:_identify(inverse-kinematics/install/rover_arm_moveit_config/share/rover_arm_moveit_config/launch) by extension 'ignore'
[2.198s] Level 1:colcon.colcon_core.package_identification:_identify(inverse-kinematics/install/rover_arm_moveit_config/share/rover_arm_moveit_config/launch) by extension 'ignore_ament_install'
[2.199s] Level 1:colcon.colcon_core.package_identification:_identify(inverse-kinematics/install/rover_arm_moveit_config/share/rover_arm_moveit_config/launch) by extensions ['colcon_pkg']
[2.199s] Level 1:colcon.colcon_core.package_identification:_identify(inverse-kinematics/install/rover_arm_moveit_config/share/rover_arm_moveit_config/launch) by extension 'colcon_pkg'
[2.199s] Level 1:colcon.colcon_core.package_identification:_identify(inverse-kinematics/install/rover_arm_moveit_config/share/rover_arm_moveit_config/launch) by extensions ['colcon_meta']
[2.199s] Level 1:colcon.colcon_core.package_identification:_identify(inverse-kinematics/install/rover_arm_moveit_config/share/rover_arm_moveit_config/launch) by extension 'colcon_meta'
[2.199s] Level 1:colcon.colcon_core.package_identification:_identify(inverse-kinematics/install/rover_arm_moveit_config/share/rover_arm_moveit_config/launch) by extensions ['ros']
[2.199s] Level 1:colcon.colcon_core.package_identification:_identify(inverse-kinematics/install/rover_arm_moveit_config/share/rover_arm_moveit_config/launch) by extension 'ros'
[2.199s] Level 1:colcon.colcon_core.package_identification:_identify(inverse-kinematics/install/rover_arm_moveit_config/share/rover_arm_moveit_config/launch) by extensions ['cmake', 'python']
[2.200s] Level 1:colcon.colcon_core.package_identification:_identify(inverse-kinematics/install/rover_arm_moveit_config/share/rover_arm_moveit_config/launch) by extension 'cmake'
[2.200s] Level 1:colcon.colcon_core.package_identification:_identify(inverse-kinematics/install/rover_arm_moveit_config/share/rover_arm_moveit_config/launch) by extension 'python'
[2.200s] Level 1:colcon.colcon_core.package_identification:_identify(inverse-kinematics/install/rover_arm_moveit_config/share/rover_arm_moveit_config/launch) by extensions ['python_setup_py']
[2.200s] Level 1:colcon.colcon_core.package_identification:_identify(inverse-kinematics/install/rover_arm_moveit_config/share/rover_arm_moveit_config/launch) by extension 'python_setup_py'
[2.201s] Level 1:colcon.colcon_core.package_identification:_identify(inverse-kinematics/install/rover_arm_moveit_config/share/rover_arm_moveit_config/launch/__pycache__) by extensions ['ignore', 'ignore_ament_install']
[2.202s] Level 1:colcon.colcon_core.package_identification:_identify(inverse-kinematics/install/rover_arm_moveit_config/share/rover_arm_moveit_config/launch/__pycache__) by extension 'ignore'
[2.202s] Level 1:colcon.colcon_core.package_identification:_identify(inverse-kinematics/install/rover_arm_moveit_config/share/rover_arm_moveit_config/launch/__pycache__) by extension 'ignore_ament_install'
[2.203s] Level 1:colcon.colcon_core.package_identification:_identify(inverse-kinematics/install/rover_arm_moveit_config/share/rover_arm_moveit_config/launch/__pycache__) by extensions ['colcon_pkg']
[2.203s] Level 1:colcon.colcon_core.package_identification:_identify(inverse-kinematics/install/rover_arm_moveit_config/share/rover_arm_moveit_config/launch/__pycache__) by extension 'colcon_pkg'
[2.203s] Level 1:colcon.colcon_core.package_identification:_identify(inverse-kinematics/install/rover_arm_moveit_config/share/rover_arm_moveit_config/launch/__pycache__) by extensions ['colcon_meta']
[2.203s] Level 1:colcon.colcon_core.package_identification:_identify(inverse-kinematics/install/rover_arm_moveit_config/share/rover_arm_moveit_config/launch/__pycache__) by extension 'colcon_meta'
[2.203s] Level 1:colcon.colcon_core.package_identification:_identify(inverse-kinematics/install/rover_arm_moveit_config/share/rover_arm_moveit_config/launch/__pycache__) by extensions ['ros']
[2.204s] Level 1:colcon.colcon_core.package_identification:_identify(inverse-kinematics/install/rover_arm_moveit_config/share/rover_arm_moveit_config/launch/__pycache__) by extension 'ros'
[2.204s] Level 1:colcon.colcon_core.package_identification:_identify(inverse-kinematics/install/rover_arm_moveit_config/share/rover_arm_moveit_config/launch/__pycache__) by extensions ['cmake', 'python']
[2.204s] Level 1:colcon.colcon_core.package_identification:_identify(inverse-kinematics/install/rover_arm_moveit_config/share/rover_arm_moveit_config/launch/__pycache__) by extension 'cmake'
[2.205s] Level 1:colcon.colcon_core.package_identification:_identify(inverse-kinematics/install/rover_arm_moveit_config/share/rover_arm_moveit_config/launch/__pycache__) by extension 'python'
[2.205s] Level 1:colcon.colcon_core.package_identification:_identify(inverse-kinematics/install/rover_arm_moveit_config/share/rover_arm_moveit_config/launch/__pycache__) by extensions ['python_setup_py']
[2.205s] Level 1:colcon.colcon_core.package_identification:_identify(inverse-kinematics/install/rover_arm_moveit_config/share/rover_arm_moveit_config/launch/__pycache__) by extension 'python_setup_py'
[2.206s] Level 1:colcon.colcon_core.package_identification:_identify(inverse-kinematics/log) by extensions ['ignore', 'ignore_ament_install']
[2.207s] Level 1:colcon.colcon_core.package_identification:_identify(inverse-kinematics/log) by extension 'ignore'
[2.208s] Level 1:colcon.colcon_core.package_identification:_identify(inverse-kinematics/log) by extension 'ignore_ament_install'
[2.208s] Level 1:colcon.colcon_core.package_identification:_identify(inverse-kinematics/log) by extensions ['colcon_pkg']
[2.208s] Level 1:colcon.colcon_core.package_identification:_identify(inverse-kinematics/log) by extension 'colcon_pkg'
[2.208s] Level 1:colcon.colcon_core.package_identification:_identify(inverse-kinematics/log) by extensions ['colcon_meta']
[2.208s] Level 1:colcon.colcon_core.package_identification:_identify(inverse-kinematics/log) by extension 'colcon_meta'
[2.208s] Level 1:colcon.colcon_core.package_identification:_identify(inverse-kinematics/log) by extensions ['ros']
[2.209s] Level 1:colcon.colcon_core.package_identification:_identify(inverse-kinematics/log) by extension 'ros'
[2.209s] Level 1:colcon.colcon_core.package_identification:_identify(inverse-kinematics/log) by extensions ['cmake', 'python']
[2.209s] Level 1:colcon.colcon_core.package_identification:_identify(inverse-kinematics/log) by extension 'cmake'
[2.209s] Level 1:colcon.colcon_core.package_identification:_identify(inverse-kinematics/log) by extension 'python'
[2.209s] Level 1:colcon.colcon_core.package_identification:_identify(inverse-kinematics/log) by extensions ['python_setup_py']
[2.209s] Level 1:colcon.colcon_core.package_identification:_identify(inverse-kinematics/log) by extension 'python_setup_py'
[2.211s] Level 1:colcon.colcon_core.package_identification:_identify(inverse-kinematics/log/build_2025-12-20_15-21-48) by extensions ['ignore', 'ignore_ament_install']
[2.211s] Level 1:colcon.colcon_core.package_identification:_identify(inverse-kinematics/log/build_2025-12-20_15-21-48) by extension 'ignore'
[2.211s] Level 1:colcon.colcon_core.package_identification:_identify(inverse-kinematics/log/build_2025-12-20_15-21-48) by extension 'ignore_ament_install'
[2.212s] Level 1:colcon.colcon_core.package_identification:_identify(inverse-kinematics/log/build_2025-12-20_15-21-48) by extensions ['colcon_pkg']
[2.212s] Level 1:colcon.colcon_core.package_identification:_identify(inverse-kinematics/log/build_2025-12-20_15-21-48) by extension 'colcon_pkg'
[2.212s] Level 1:colcon.colcon_core.package_identification:_identify(inverse-kinematics/log/build_2025-12-20_15-21-48) by extensions ['colcon_meta']
[2.212s] Level 1:colcon.colcon_core.package_identification:_identify(inverse-kinematics/log/build_2025-12-20_15-21-48) by extension 'colcon_meta'
[2.212s] Level 1:colcon.colcon_core.package_identification:_identify(inverse-kinematics/log/build_2025-12-20_15-21-48) by extensions ['ros']
[2.212s] Level 1:colcon.colcon_core.package_identification:_identify(inverse-kinematics/log/build_2025-12-20_15-21-48) by extension 'ros'
[2.213s] Level 1:colcon.colcon_core.package_identification:_identify(inverse-kinematics/log/build_2025-12-20_15-21-48) by extensions ['cmake', 'python']
[2.213s] Level 1:colcon.colcon_core.package_identification:_identify(inverse-kinematics/log/build_2025-12-20_15-21-48) by extension 'cmake'
[2.214s] Level 1:colcon.colcon_core.package_identification:_identify(inverse-kinematics/log/build_2025-12-20_15-21-48) by extension 'python'
[2.214s] Level 1:colcon.colcon_core.package_identification:_identify(inverse-kinematics/log/build_2025-12-20_15-21-48) by extensions ['python_setup_py']
[2.214s] Level 1:colcon.colcon_core.package_identification:_identify(inverse-kinematics/log/build_2025-12-20_15-21-48) by extension 'python_setup_py'
[2.216s] Level 1:colcon.colcon_core.package_identification:_identify(inverse-kinematics/log/build_2025-12-20_15-21-48/rover_arm_description) by extensions ['ignore', 'ignore_ament_install']
[2.217s] Level 1:colcon.colcon_core.package_identification:_identify(inverse-kinematics/log/build_2025-12-20_15-21-48/rover_arm_description) by extension 'ignore'
[2.217s] Level 1:colcon.colcon_core.package_identification:_identify(inverse-kinematics/log/build_2025-12-20_15-21-48/rover_arm_description) by extension 'ignore_ament_install'
[2.217s] Level 1:colcon.colcon_core.package_identification:_identify(inverse-kinematics/log/build_2025-12-20_15-21-48/rover_arm_description) by extensions ['colcon_pkg']
[2.217s] Level 1:colcon.colcon_core.package_identification:_identify(inverse-kinematics/log/build_2025-12-20_15-21-48/rover_arm_description) by extension 'colcon_pkg'
[2.217s] Level 1:colcon.colcon_core.package_identification:_identify(inverse-kinematics/log/build_2025-12-20_15-21-48/rover_arm_description) by extensions ['colcon_meta']
[2.217s] Level 1:colcon.colcon_core.package_identification:_identify(inverse-kinematics/log/build_2025-12-20_15-21-48/rover_arm_description) by extension 'colcon_meta'
[2.217s] Level 1:colcon.colcon_core.package_identification:_identify(inverse-kinematics/log/build_2025-12-20_15-21-48/rover_arm_description) by extensions ['ros']
[2.217s] Level 1:colcon.colcon_core.package_identification:_identify(inverse-kinematics/log/build_2025-12-20_15-21-48/rover_arm_description) by extension 'ros'
[2.218s] Level 1:colcon.colcon_core.package_identification:_identify(inverse-kinematics/log/build_2025-12-20_15-21-48/rover_arm_description) by extensions ['cmake', 'python']
[2.218s] Level 1:colcon.colcon_core.package_identification:_identify(inverse-kinematics/log/build_2025-12-20_15-21-48/rover_arm_description) by extension 'cmake'
[2.218s] Level 1:colcon.colcon_core.package_identification:_identify(inverse-kinematics/log/build_2025-12-20_15-21-48/rover_arm_description) by extension 'python'
[2.218s] Level 1:colcon.colcon_core.package_identification:_identify(inverse-kinematics/log/build_2025-12-20_15-21-48/rover_arm_description) by extensions ['python_setup_py']
[2.218s] Level 1:colcon.colcon_core.package_identification:_identify(inverse-kinematics/log/build_2025-12-20_15-21-48/rover_arm_description) by extension 'python_setup_py'
[2.219s] Level 1:colcon.colcon_core.package_identification:_identify(inverse-kinematics/log/build_2025-12-20_15-21-48/rover_arm_moveit_config) by extensions ['ignore', 'ignore_ament_install']
[2.220s] Level 1:colcon.colcon_core.package_identification:_identify(inverse-kinematics/log/build_2025-12-20_15-21-48/rover_arm_moveit_config) by extension 'ignore'
[2.220s] Level 1:colcon.colcon_core.package_identification:_identify(inverse-kinematics/log/build_2025-12-20_15-21-48/rover_arm_moveit_config) by extension 'ignore_ament_install'
[2.220s] Level 1:colcon.colcon_core.package_identification:_identify(inverse-kinematics/log/build_2025-12-20_15-21-48/rover_arm_moveit_config) by extensions ['colcon_pkg']
[2.220s] Level 1:colcon.colcon_core.package_identification:_identify(inverse-kinematics/log/build_2025-12-20_15-21-48/rover_arm_moveit_config) by extension 'colcon_pkg'
[2.220s] Level 1:colcon.colcon_core.package_identification:_identify(inverse-kinematics/log/build_2025-12-20_15-21-48/rover_arm_moveit_config) by extensions ['colcon_meta']
[2.220s] Level 1:colcon.colcon_core.package_identification:_identify(inverse-kinematics/log/build_2025-12-20_15-21-48/rover_arm_moveit_config) by extension 'colcon_meta'
[2.220s] Level 1:colcon.colcon_core.package_identification:_identify(inverse-kinematics/log/build_2025-12-20_15-21-48/rover_arm_moveit_config) by extensions ['ros']
[2.221s] Level 1:colcon.colcon_core.package_identification:_identify(inverse-kinematics/log/build_2025-12-20_15-21-48/rover_arm_moveit_config) by extension 'ros'
[2.221s] Level 1:colcon.colcon_core.package_identification:_identify(inverse-kinematics/log/build_2025-12-20_15-21-48/rover_arm_moveit_config) by extensions ['cmake', 'python']
[2.221s] Level 1:colcon.colcon_core.package_identification:_identify(inverse-kinematics/log/build_2025-12-20_15-21-48/rover_arm_moveit_config) by extension 'cmake'
[2.221s] Level 1:colcon.colcon_core.package_identification:_identify(inverse-kinematics/log/build_2025-12-20_15-21-48/rover_arm_moveit_config) by extension 'python'
[2.221s] Level 1:colcon.colcon_core.package_identification:_identify(inverse-kinematics/log/build_2025-12-20_15-21-48/rover_arm_moveit_config) by extensions ['python_setup_py']
[2.221s] Level 1:colcon.colcon_core.package_identification:_identify(inverse-kinematics/log/build_2025-12-20_15-21-48/rover_arm_moveit_config) by extension 'python_setup_py'
[2.222s] Level 1:colcon.colcon_core.package_identification:_identify(inverse-kinematics/log/build_2025-12-20_15-26-36) by extensions ['ignore', 'ignore_ament_install']
[2.223s] Level 1:colcon.colcon_core.package_identification:_identify(inverse-kinematics/log/build_2025-12-20_15-26-36) by extension 'ignore'
[2.223s] Level 1:colcon.colcon_core.package_identification:_identify(inverse-kinematics/log/build_2025-12-20_15-26-36) by extension 'ignore_ament_install'
[2.223s] Level 1:colcon.colcon_core.package_identification:_identify(inverse-kinematics/log/build_2025-12-20_15-26-36) by extensions ['colcon_pkg']
[2.223s] Level 1:colcon.colcon_core.package_identification:_identify(inverse-kinematics/log/build_2025-12-20_15-26-36) by extension 'colcon_pkg'
[2.224s] Level 1:colcon.colcon_core.package_identification:_identify(inverse-kinematics/log/build_2025-12-20_15-26-36) by extensions ['colcon_meta']
[2.224s] Level 1:colcon.colcon_core.package_identification:_identify(inverse-kinematics/log/build_2025-12-20_15-26-36) by extension 'colcon_meta'
[2.224s] Level 1:colcon.colcon_core.package_identification:_identify(inverse-kinematics/log/build_2025-12-20_15-26-36) by extensions ['ros']
[2.224s] Level 1:colcon.colcon_core.package_identification:_identify(inverse-kinematics/log/build_2025-12-20_15-26-36) by extension 'ros'
[2.224s] Level 1:colcon.colcon_core.package_identification:_identify(inverse-kinematics/log/build_2025-12-20_15-26-36) by extensions ['cmake', 'python']
[2.224s] Level 1:colcon.colcon_core.package_identification:_identify(inverse-kinematics/log/build_2025-12-20_15-26-36) by extension 'cmake'
[2.224s] Level 1:colcon.colcon_core.package_identification:_identify(inverse-kinematics/log/build_2025-12-20_15-26-36) by extension 'python'
[2.225s] Level 1:colcon.colcon_core.package_identification:_identify(inverse-kinematics/log/build_2025-12-20_15-26-36) by extensions ['python_setup_py']
[2.225s] Level 1:colcon.colcon_core.package_identification:_identify(inverse-kinematics/log/build_2025-12-20_15-26-36) by extension 'python_setup_py'
[2.226s] Level 1:colcon.colcon_core.package_identification:_identify(inverse-kinematics/log/build_2025-12-20_15-26-36/rover_arm_description) by extensions ['ignore', 'ignore_ament_install']
[2.226s] Level 1:colcon.colcon_core.package_identification:_identify(inverse-kinematics/log/build_2025-12-20_15-26-36/rover_arm_description) by extension 'ignore'
[2.226s] Level 1:colcon.colcon_core.package_identification:_identify(inverse-kinematics/log/build_2025-12-20_15-26-36/rover_arm_description) by extension 'ignore_ament_install'
[2.227s] Level 1:colcon.colcon_core.package_identification:_identify(inverse-kinematics/log/build_2025-12-20_15-26-36/rover_arm_description) by extensions ['colcon_pkg']
[2.227s] Level 1:colcon.colcon_core.package_identification:_identify(inverse-kinematics/log/build_2025-12-20_15-26-36/rover_arm_description) by extension 'colcon_pkg'
[2.227s] Level 1:colcon.colcon_core.package_identification:_identify(inverse-kinematics/log/build_2025-12-20_15-26-36/rover_arm_description) by extensions ['colcon_meta']
[2.227s] Level 1:colcon.colcon_core.package_identification:_identify(inverse-kinematics/log/build_2025-12-20_15-26-36/rover_arm_description) by extension 'colcon_meta'
[2.227s] Level 1:colcon.colcon_core.package_identification:_identify(inverse-kinematics/log/build_2025-12-20_15-26-36/rover_arm_description) by extensions ['ros']
[2.227s] Level 1:colcon.colcon_core.package_identification:_identify(inverse-kinematics/log/build_2025-12-20_15-26-36/rover_arm_description) by extension 'ros'
[2.227s] Level 1:colcon.colcon_core.package_identification:_identify(inverse-kinematics/log/build_2025-12-20_15-26-36/rover_arm_description) by extensions ['cmake', 'python']
[2.228s] Level 1:colcon.colcon_core.package_identification:_identify(inverse-kinematics/log/build_2025-12-20_15-26-36/rover_arm_description) by extension 'cmake'
[2.228s] Level 1:colcon.colcon_core.package_identification:_identify(inverse-kinematics/log/build_2025-12-20_15-26-36/rover_arm_description) by extension 'python'
[2.228s] Level 1:colcon.colcon_core.package_identification:_identify(inverse-kinematics/log/build_2025-12-20_15-26-36/rover_arm_description) by extensions ['python_setup_py']
[2.228s] Level 1:colcon.colcon_core.package_identification:_identify(inverse-kinematics/log/build_2025-12-20_15-26-36/rover_arm_description) by extension 'python_setup_py'
[2.229s] Level 1:colcon.colcon_core.package_identification:_identify(inverse-kinematics/log/build_2025-12-20_15-26-36/rover_arm_moveit_config) by extensions ['ignore', 'ignore_ament_install']
[2.229s] Level 1:colcon.colcon_core.package_identification:_identify(inverse-kinematics/log/build_2025-12-20_15-26-36/rover_arm_moveit_config) by extension 'ignore'
[2.230s] Level 1:colcon.colcon_core.package_identification:_identify(inverse-kinematics/log/build_2025-12-20_15-26-36/rover_arm_moveit_config) by extension 'ignore_ament_install'
[2.230s] Level 1:colcon.colcon_core.package_identification:_identify(inverse-kinematics/log/build_2025-12-20_15-26-36/rover_arm_moveit_config) by extensions ['colcon_pkg']
[2.230s] Level 1:colcon.colcon_core.package_identification:_identify(inverse-kinematics/log/build_2025-12-20_15-26-36/rover_arm_moveit_config) by extension 'colcon_pkg'
[2.230s] Level 1:colcon.colcon_core.package_identification:_identify(inverse-kinematics/log/build_2025-12-20_15-26-36/rover_arm_moveit_config) by extensions ['colcon_meta']
[2.230s] Level 1:colcon.colcon_core.package_identification:_identify(inverse-kinematics/log/build_2025-12-20_15-26-36/rover_arm_moveit_config) by extension 'colcon_meta'
[2.230s] Level 1:colcon.colcon_core.package_identification:_identify(inverse-kinematics/log/build_2025-12-20_15-26-36/rover_arm_moveit_config) by extensions ['ros']
[2.230s] Level 1:colcon.colcon_core.package_identification:_identify(inverse-kinematics/log/build_2025-12-20_15-26-36/rover_arm_moveit_config) by extension 'ros'
[2.231s] Level 1:colcon.colcon_core.package_identification:_identify(inverse-kinematics/log/build_2025-12-20_15-26-36/rover_arm_moveit_config) by extensions ['cmake', 'python']
[2.231s] Level 1:colcon.colcon_core.package_identification:_identify(inverse-kinematics/log/build_2025-12-20_15-26-36/rover_arm_moveit_config) by extension 'cmake'
[2.231s] Level 1:colcon.colcon_core.package_identification:_identify(inverse-kinematics/log/build_2025-12-20_15-26-36/rover_arm_moveit_config) by extension 'python'
[2.232s] Level 1:colcon.colcon_core.package_identification:_identify(inverse-kinematics/log/build_2025-12-20_15-26-36/rover_arm_moveit_config) by extensions ['python_setup_py']
[2.232s] Level 1:colcon.colcon_core.package_identification:_identify(inverse-kinematics/log/build_2025-12-20_15-26-36/rover_arm_moveit_config) by extension 'python_setup_py'
[2.233s] Level 1:colcon.colcon_core.package_identification:_identify(inverse-kinematics/log/build_2025-12-20_15-30-39) by extensions ['ignore', 'ignore_ament_install']
[2.233s] Level 1:colcon.colcon_core.package_identification:_identify(inverse-kinematics/log/build_2025-12-20_15-30-39) by extension 'ignore'
[2.233s] Level 1:colcon.colcon_core.package_identification:_identify(inverse-kinematics/log/build_2025-12-20_15-30-39) by extension 'ignore_ament_install'
[2.233s] Level 1:colcon.colcon_core.package_identification:_identify(inverse-kinematics/log/build_2025-12-20_15-30-39) by extensions ['colcon_pkg']
[2.233s] Level 1:colcon.colcon_core.package_identification:_identify(inverse-kinematics/log/build_2025-12-20_15-30-39) by extension 'colcon_pkg'
[2.233s] Level 1:colcon.colcon_core.package_identification:_identify(inverse-kinematics/log/build_2025-12-20_15-30-39) by extensions ['colcon_meta']
[2.234s] Level 1:colcon.colcon_core.package_identification:_identify(inverse-kinematics/log/build_2025-12-20_15-30-39) by extension 'colcon_meta'
[2.234s] Level 1:colcon.colcon_core.package_identification:_identify(inverse-kinematics/log/build_2025-12-20_15-30-39) by extensions ['ros']
[2.234s] Level 1:colcon.colcon_core.package_identification:_identify(inverse-kinematics/log/build_2025-12-20_15-30-39) by extension 'ros'
[2.234s] Level 1:colcon.colcon_core.package_identification:_identify(inverse-kinematics/log/build_2025-12-20_15-30-39) by extensions ['cmake', 'python']
[2.234s] Level 1:colcon.colcon_core.package_identification:_identify(inverse-kinematics/log/build_2025-12-20_15-30-39) by extension 'cmake'
[2.234s] Level 1:colcon.colcon_core.package_identification:_identify(inverse-kinematics/log/build_2025-12-20_15-30-39) by extension 'python'
[2.234s] Level 1:colcon.colcon_core.package_identification:_identify(inverse-kinematics/log/build_2025-12-20_15-30-39) by extensions ['python_setup_py']
[2.234s] Level 1:colcon.colcon_core.package_identification:_identify(inverse-kinematics/log/build_2025-12-20_15-30-39) by extension 'python_setup_py'
[2.235s] Level 1:colcon.colcon_core.package_identification:_identify(inverse-kinematics/log/build_2025-12-20_15-30-39/rover_arm_description) by extensions ['ignore', 'ignore_ament_install']
[2.236s] Level 1:colcon.colcon_core.package_identification:_identify(inverse-kinematics/log/build_2025-12-20_15-30-39/rover_arm_description) by extension 'ignore'
[2.236s] Level 1:colcon.colcon_core.package_identification:_identify(inverse-kinematics/log/build_2025-12-20_15-30-39/rover_arm_description) by extension 'ignore_ament_install'
[2.236s] Level 1:colcon.colcon_core.package_identification:_identify(inverse-kinematics/log/build_2025-12-20_15-30-39/rover_arm_description) by extensions ['colcon_pkg']
[2.236s] Level 1:colcon.colcon_core.package_identification:_identify(inverse-kinematics/log/build_2025-12-20_15-30-39/rover_arm_description) by extension 'colcon_pkg'
[2.236s] Level 1:colcon.colcon_core.package_identification:_identify(inverse-kinematics/log/build_2025-12-20_15-30-39/rover_arm_description) by extensions ['colcon_meta']
[2.236s] Level 1:colcon.colcon_core.package_identification:_identify(inverse-kinematics/log/build_2025-12-20_15-30-39/rover_arm_description) by extension 'colcon_meta'
[2.236s] Level 1:colcon.colcon_core.package_identification:_identify(inverse-kinematics/log/build_2025-12-20_15-30-39/rover_arm_description) by extensions ['ros']
[2.236s] Level 1:colcon.colcon_core.package_identification:_identify(inverse-kinematics/log/build_2025-12-20_15-30-39/rover_arm_description) by extension 'ros'
[2.237s] Level 1:colcon.colcon_core.package_identification:_identify(inverse-kinematics/log/build_2025-12-20_15-30-39/rover_arm_description) by extensions ['cmake', 'python']
[2.237s] Level 1:colcon.colcon_core.package_identification:_identify(inverse-kinematics/log/build_2025-12-20_15-30-39/rover_arm_description) by extension 'cmake'
[2.237s] Level 1:colcon.colcon_core.package_identification:_identify(inverse-kinematics/log/build_2025-12-20_15-30-39/rover_arm_description) by extension 'python'
[2.237s] Level 1:colcon.colcon_core.package_identification:_identify(inverse-kinematics/log/build_2025-12-20_15-30-39/rover_arm_description) by extensions ['python_setup_py']
[2.237s] Level 1:colcon.colcon_core.package_identification:_identify(inverse-kinematics/log/build_2025-12-20_15-30-39/rover_arm_description) by extension 'python_setup_py'
[2.238s] Level 1:colcon.colcon_core.package_identification:_identify(inverse-kinematics/log/build_2025-12-20_15-30-39/rover_arm_moveit_config) by extensions ['ignore', 'ignore_ament_install']
[2.238s] Level 1:colcon.colcon_core.package_identification:_identify(inverse-kinematics/log/build_2025-12-20_15-30-39/rover_arm_moveit_config) by extension 'ignore'
[2.239s] Level 1:colcon.colcon_core.package_identification:_identify(inverse-kinematics/log/build_2025-12-20_15-30-39/rover_arm_moveit_config) by extension 'ignore_ament_install'
[2.239s] Level 1:colcon.colcon_core.package_identification:_identify(inverse-kinematics/log/build_2025-12-20_15-30-39/rover_arm_moveit_config) by extensions ['colcon_pkg']
[2.239s] Level 1:colcon.colcon_core.package_identification:_identify(inverse-kinematics/log/build_2025-12-20_15-30-39/rover_arm_moveit_config) by extension 'colcon_pkg'
[2.239s] Level 1:colcon.colcon_core.package_identification:_identify(inverse-kinematics/log/build_2025-12-20_15-30-39/rover_arm_moveit_config) by extensions ['colcon_meta']
[2.239s] Level 1:colcon.colcon_core.package_identification:_identify(inverse-kinematics/log/build_2025-12-20_15-30-39/rover_arm_moveit_config) by extension 'colcon_meta'
[2.239s] Level 1:colcon.colcon_core.package_identification:_identify(inverse-kinematics/log/build_2025-12-20_15-30-39/rover_arm_moveit_config) by extensions ['ros']
[2.239s] Level 1:colcon.colcon_core.package_identification:_identify(inverse-kinematics/log/build_2025-12-20_15-30-39/rover_arm_moveit_config) by extension 'ros'
[2.240s] Level 1:colcon.colcon_core.package_identification:_identify(inverse-kinematics/log/build_2025-12-20_15-30-39/rover_arm_moveit_config) by extensions ['cmake', 'python']
[2.240s] Level 1:colcon.colcon_core.package_identification:_identify(inverse-kinematics/log/build_2025-12-20_15-30-39/rover_arm_moveit_config) by extension 'cmake'
[2.240s] Level 1:colcon.colcon_core.package_identification:_identify(inverse-kinematics/log/build_2025-12-20_15-30-39/rover_arm_moveit_config) by extension 'python'
[2.240s] Level 1:colcon.colcon_core.package_identification:_identify(inverse-kinematics/log/build_2025-12-20_15-30-39/rover_arm_moveit_config) by extensions ['python_setup_py']
[2.240s] Level 1:colcon.colcon_core.package_identification:_identify(inverse-kinematics/log/build_2025-12-20_15-30-39/rover_arm_moveit_config) by extension 'python_setup_py'
[2.241s] Level 1:colcon.colcon_core.package_identification:_identify(inverse-kinematics/log/build_2026-01-01_15-34-18) by extensions ['ignore', 'ignore_ament_install']
[2.242s] Level 1:colcon.colcon_core.package_identification:_identify(inverse-kinematics/log/build_2026-01-01_15-34-18) by extension 'ignore'
[2.242s] Level 1:colcon.colcon_core.package_identification:_identify(inverse-kinematics/log/build_2026-01-01_15-34-18) by extension 'ignore_ament_install'
[2.242s] Level 1:colcon.colcon_core.package_identification:_identify(inverse-kinematics/log/build_2026-01-01_15-34-18) by extensions ['colcon_pkg']
[2.242s] Level 1:colcon.colcon_core.package_identification:_identify(inverse-kinematics/log/build_2026-01-01_15-34-18) by extension 'colcon_pkg'
[2.242s] Level 1:colcon.colcon_core.package_identification:_identify(inverse-kinematics/log/build_2026-01-01_15-34-18) by extensions ['colcon_meta']
[2.242s] Level 1:colcon.colcon_core.package_identification:_identify(inverse-kinematics/log/build_2026-01-01_15-34-18) by extension 'colcon_meta'
[2.243s] Level 1:colcon.colcon_core.package_identification:_identify(inverse-kinematics/log/build_2026-01-01_15-34-18) by extensions ['ros']
[2.243s] Level 1:colcon.colcon_core.package_identification:_identify(inverse-kinematics/log/build_2026-01-01_15-34-18) by extension 'ros'
[2.243s] Level 1:colcon.colcon_core.package_identification:_identify(inverse-kinematics/log/build_2026-01-01_15-34-18) by extensions ['cmake', 'python']
[2.243s] Level 1:colcon.colcon_core.package_identification:_identify(inverse-kinematics/log/build_2026-01-01_15-34-18) by extension 'cmake'
[2.243s] Level 1:colcon.colcon_core.package_identification:_identify(inverse-kinematics/log/build_2026-01-01_15-34-18) by extension 'python'
[2.243s] Level 1:colcon.colcon_core.package_identification:_identify(inverse-kinematics/log/build_2026-01-01_15-34-18) by extensions ['python_setup_py']
[2.243s] Level 1:colcon.colcon_core.package_identification:_identify(inverse-kinematics/log/build_2026-01-01_15-34-18) by extension 'python_setup_py'
[2.244s] Level 1:colcon.colcon_core.package_identification:_identify(inverse-kinematics/log/build_2026-01-01_15-34-18/rover_arm_description) by extensions ['ignore', 'ignore_ament_install']
[2.245s] Level 1:colcon.colcon_core.package_identification:_identify(inverse-kinematics/log/build_2026-01-01_15-34-18/rover_arm_description) by extension 'ignore'
[2.245s] Level 1:colcon.colcon_core.package_identification:_identify(inverse-kinematics/log/build_2026-01-01_15-34-18/rover_arm_description) by extension 'ignore_ament_install'
[2.245s] Level 1:colcon.colcon_core.package_identification:_identify(inverse-kinematics/log/build_2026-01-01_15-34-18/rover_arm_description) by extensions ['colcon_pkg']
[2.245s] Level 1:colcon.colcon_core.package_identification:_identify(inverse-kinematics/log/build_2026-01-01_15-34-18/rover_arm_description) by extension 'colcon_pkg'
[2.245s] Level 1:colcon.colcon_core.package_identification:_identify(inverse-kinematics/log/build_2026-01-01_15-34-18/rover_arm_description) by extensions ['colcon_meta']
[2.245s] Level 1:colcon.colcon_core.package_identification:_identify(inverse-kinematics/log/build_2026-01-01_15-34-18/rover_arm_description) by extension 'colcon_meta'
[2.245s] Level 1:colcon.colcon_core.package_identification:_identify(inverse-kinematics/log/build_2026-01-01_15-34-18/rover_arm_description) by extensions ['ros']
[2.245s] Level 1:colcon.colcon_core.package_identification:_identify(inverse-kinematics/log/build_2026-01-01_15-34-18/rover_arm_description) by extension 'ros'
[2.246s] Level 1:colcon.colcon_core.package_identification:_identify(inverse-kinematics/log/build_2026-01-01_15-34-18/rover_arm_description) by extensions ['cmake', 'python']
[2.246s] Level 1:colcon.colcon_core.package_identification:_identify(inverse-kinematics/log/build_2026-01-01_15-34-18/rover_arm_description) by extension 'cmake'
[2.246s] Level 1:colcon.colcon_core.package_identification:_identify(inverse-kinematics/log/build_2026-01-01_15-34-18/rover_arm_description) by extension 'python'
[2.246s] Level 1:colcon.colcon_core.package_identification:_identify(inverse-kinematics/log/build_2026-01-01_15-34-18/rover_arm_description) by extensions ['python_setup_py']
[2.246s] Level 1:colcon.colcon_core.package_identification:_identify(inverse-kinematics/log/build_2026-01-01_15-34-18/rover_arm_description) by extension 'python_setup_py'
[2.247s] Level 1:colcon.colcon_core.package_identification:_identify(inverse-kinematics/log/build_2026-01-01_15-34-28) by extensions ['ignore', 'ignore_ament_install']
[2.247s] Level 1:colcon.colcon_core.package_identification:_identify(inverse-kinematics/log/build_2026-01-01_15-34-28) by extension 'ignore'
[2.247s] Level 1:colcon.colcon_core.package_identification:_identify(inverse-kinematics/log/build_2026-01-01_15-34-28) by extension 'ignore_ament_install'
[2.247s] Level 1:colcon.colcon_core.package_identification:_identify(inverse-kinematics/log/build_2026-01-01_15-34-28) by extensions ['colcon_pkg']
[2.247s] Level 1:colcon.colcon_core.package_identification:_identify(inverse-kinematics/log/build_2026-01-01_15-34-28) by extension 'colcon_pkg'
[2.248s] Level 1:colcon.colcon_core.package_identification:_identify(inverse-kinematics/log/build_2026-01-01_15-34-28) by extensions ['colcon_meta']
[2.248s] Level 1:colcon.colcon_core.package_identification:_identify(inverse-kinematics/log/build_2026-01-01_15-34-28) by extension 'colcon_meta'
[2.248s] Level 1:colcon.colcon_core.package_identification:_identify(inverse-kinematics/log/build_2026-01-01_15-34-28) by extensions ['ros']
[2.248s] Level 1:colcon.colcon_core.package_identification:_identify(inverse-kinematics/log/build_2026-01-01_15-34-28) by extension 'ros'
[2.248s] Level 1:colcon.colcon_core.package_identification:_identify(inverse-kinematics/log/build_2026-01-01_15-34-28) by extensions ['cmake', 'python']
[2.248s] Level 1:colcon.colcon_core.package_identification:_identify(inverse-kinematics/log/build_2026-01-01_15-34-28) by extension 'cmake'
[2.248s] Level 1:colcon.colcon_core.package_identification:_identify(inverse-kinematics/log/build_2026-01-01_15-34-28) by extension 'python'
[2.248s] Level 1:colcon.colcon_core.package_identification:_identify(inverse-kinematics/log/build_2026-01-01_15-34-28) by extensions ['python_setup_py']
[2.249s] Level 1:colcon.colcon_core.package_identification:_identify(inverse-kinematics/log/build_2026-01-01_15-34-28) by extension 'python_setup_py'
[2.249s] Level 1:colcon.colcon_core.package_identification:_identify(inverse-kinematics/log/build_2026-01-01_15-34-28/rover_arm_moveit_config) by extensions ['ignore', 'ignore_ament_install']
[2.250s] Level 1:colcon.colcon_core.package_identification:_identify(inverse-kinematics/log/build_2026-01-01_15-34-28/rover_arm_moveit_config) by extension 'ignore'
[2.250s] Level 1:colcon.colcon_core.package_identification:_identify(inverse-kinematics/log/build_2026-01-01_15-34-28/rover_arm_moveit_config) by extension 'ignore_ament_install'
[2.250s] Level 1:colcon.colcon_core.package_identification:_identify(inverse-kinematics/log/build_2026-01-01_15-34-28/rover_arm_moveit_config) by extensions ['colcon_pkg']
[2.250s] Level 1:colcon.colcon_core.package_identification:_identify(inverse-kinematics/log/build_2026-01-01_15-34-28/rover_arm_moveit_config) by extension 'colcon_pkg'
[2.250s] Level 1:colcon.colcon_core.package_identification:_identify(inverse-kinematics/log/build_2026-01-01_15-34-28/rover_arm_moveit_config) by extensions ['colcon_meta']
[2.250s] Level 1:colcon.colcon_core.package_identification:_identify(inverse-kinematics/log/build_2026-01-01_15-34-28/rover_arm_moveit_config) by extension 'colcon_meta'
[2.250s] Level 1:colcon.colcon_core.package_identification:_identify(inverse-kinematics/log/build_2026-01-01_15-34-28/rover_arm_moveit_config) by extensions ['ros']
[2.250s] Level 1:colcon.colcon_core.package_identification:_identify(inverse-kinematics/log/build_2026-01-01_15-34-28/rover_arm_moveit_config) by extension 'ros'
[2.251s] Level 1:colcon.colcon_core.package_identification:_identify(inverse-kinematics/log/build_2026-01-01_15-34-28/rover_arm_moveit_config) by extensions ['cmake', 'python']
[2.251s] Level 1:colcon.colcon_core.package_identification:_identify(inverse-kinematics/log/build_2026-01-01_15-34-28/rover_arm_moveit_config) by extension 'cmake'
[2.251s] Level 1:colcon.colcon_core.package_identification:_identify(inverse-kinematics/log/build_2026-01-01_15-34-28/rover_arm_moveit_config) by extension 'python'
[2.251s] Level 1:colcon.colcon_core.package_identification:_identify(inverse-kinematics/log/build_2026-01-01_15-34-28/rover_arm_moveit_config) by extensions ['python_setup_py']
[2.251s] Level 1:colcon.colcon_core.package_identification:_identify(inverse-kinematics/log/build_2026-01-01_15-34-28/rover_arm_moveit_config) by extension 'python_setup_py'
[2.252s] Level 1:colcon.colcon_core.package_identification:_identify(inverse-kinematics/log/build_2026-01-09_10-42-58) by extensions ['ignore', 'ignore_ament_install']
[2.252s] Level 1:colcon.colcon_core.package_identification:_identify(inverse-kinematics/log/build_2026-01-09_10-42-58) by extension 'ignore'
[2.252s] Level 1:colcon.colcon_core.package_identification:_identify(inverse-kinematics/log/build_2026-01-09_10-42-58) by extension 'ignore_ament_install'
[2.253s] Level 1:colcon.colcon_core.package_identification:_identify(inverse-kinematics/log/build_2026-01-09_10-42-58) by extensions ['colcon_pkg']
[2.253s] Level 1:colcon.colcon_core.package_identification:_identify(inverse-kinematics/log/build_2026-01-09_10-42-58) by extension 'colcon_pkg'
[2.253s] Level 1:colcon.colcon_core.package_identification:_identify(inverse-kinematics/log/build_2026-01-09_10-42-58) by extensions ['colcon_meta']
[2.253s] Level 1:colcon.colcon_core.package_identification:_identify(inverse-kinematics/log/build_2026-01-09_10-42-58) by extension 'colcon_meta'
[2.253s] Level 1:colcon.colcon_core.package_identification:_identify(inverse-kinematics/log/build_2026-01-09_10-42-58) by extensions ['ros']
[2.253s] Level 1:colcon.colcon_core.package_identification:_identify(inverse-kinematics/log/build_2026-01-09_10-42-58) by extension 'ros'
[2.253s] Level 1:colcon.colcon_core.package_identification:_identify(inverse-kinematics/log/build_2026-01-09_10-42-58) by extensions ['cmake', 'python']
[2.253s] Level 1:colcon.colcon_core.package_identification:_identify(inverse-kinematics/log/build_2026-01-09_10-42-58) by extension 'cmake'
[2.253s] Level 1:colcon.colcon_core.package_identification:_identify(inverse-kinematics/log/build_2026-01-09_10-42-58) by extension 'python'
[2.254s] Level 1:colcon.colcon_core.package_identification:_identify(inverse-kinematics/log/build_2026-01-09_10-42-58) by extensions ['python_setup_py']
[2.254s] Level 1:colcon.colcon_core.package_identification:_identify(inverse-kinematics/log/build_2026-01-09_10-42-58) by extension 'python_setup_py'
[2.254s] Level 1:colcon.colcon_core.package_identification:_identify(inverse-kinematics/log/build_2026-01-09_10-42-58/rover_arm_description) by extensions ['ignore', 'ignore_ament_install']
[2.254s] Level 1:colcon.colcon_core.package_identification:_identify(inverse-kinematics/log/build_2026-01-09_10-42-58/rover_arm_description) by extension 'ignore'
[2.254s] Level 1:colcon.colcon_core.package_identification:_identify(inverse-kinematics/log/build_2026-01-09_10-42-58/rover_arm_description) by extension 'ignore_ament_install'
[2.254s] Level 1:colcon.colcon_core.package_identification:_identify(inverse-kinematics/log/build_2026-01-09_10-42-58/rover_arm_description) by extensions ['colcon_pkg']
[2.255s] Level 1:colcon.colcon_core.package_identification:_identify(inverse-kinematics/log/build_2026-01-09_10-42-58/rover_arm_description) by extension 'colcon_pkg'
[2.255s] Level 1:colcon.colcon_core.package_identification:_identify(inverse-kinematics/log/build_2026-01-09_10-42-58/rover_arm_description) by extensions ['colcon_meta']
[2.255s] Level 1:colcon.colcon_core.package_identification:_identify(inverse-kinematics/log/build_2026-01-09_10-42-58/rover_arm_description) by extension 'colcon_meta'
[2.255s] Level 1:colcon.colcon_core.package_identification:_identify(inverse-kinematics/log/build_2026-01-09_10-42-58/rover_arm_description) by extensions ['ros']
[2.255s] Level 1:colcon.colcon_core.package_identification:_identify(inverse-kinematics/log/build_2026-01-09_10-42-58/rover_arm_description) by extension 'ros'
[2.255s] Level 1:colcon.colcon_core.package_identification:_identify(inverse-kinematics/log/build_2026-01-09_10-42-58/rover_arm_description) by extensions ['cmake', 'python']
[2.255s] Level 1:colcon.colcon_core.package_identification:_identify(inverse-kinematics/log/build_2026-01-09_10-42-58/rover_arm_description) by extension 'cmake'
[2.255s] Level 1:colcon.colcon_core.package_identification:_identify(inverse-kinematics/log/build_2026-01-09_10-42-58/rover_arm_description) by extension 'python'
[2.255s] Level 1:colcon.colcon_core.package_identification:_identify(inverse-kinematics/log/build_2026-01-09_10-42-58/rover_arm_description) by extensions ['python_setup_py']
[2.256s] Level 1:colcon.colcon_core.package_identification:_identify(inverse-kinematics/log/build_2026-01-09_10-42-58/rover_arm_description) by extension 'python_setup_py'
[2.256s] Level 1:colcon.colcon_core.package_identification:_identify(inverse-kinematics/log/build_2026-01-09_10-42-58/rover_arm_moveit_config) by extensions ['ignore', 'ignore_ament_install']
[2.256s] Level 1:colcon.colcon_core.package_identification:_identify(inverse-kinematics/log/build_2026-01-09_10-42-58/rover_arm_moveit_config) by extension 'ignore'
[2.256s] Level 1:colcon.colcon_core.package_identification:_identify(inverse-kinematics/log/build_2026-01-09_10-42-58/rover_arm_moveit_config) by extension 'ignore_ament_install'
[2.256s] Level 1:colcon.colcon_core.package_identification:_identify(inverse-kinematics/log/build_2026-01-09_10-42-58/rover_arm_moveit_config) by extensions ['colcon_pkg']
[2.256s] Level 1:colcon.colcon_core.package_identification:_identify(inverse-kinematics/log/build_2026-01-09_10-42-58/rover_arm_moveit_config) by extension 'colcon_pkg'
[2.256s] Level 1:colcon.colcon_core.package_identification:_identify(inverse-kinematics/log/build_2026-01-09_10-42-58/rover_arm_moveit_config) by extensions ['colcon_meta']
[2.256s] Level 1:colcon.colcon_core.package_identification:_identify(inverse-kinematics/log/build_2026-01-09_10-42-58/rover_arm_moveit_config) by extension 'colcon_meta'
[2.257s] Level 1:colcon.colcon_core.package_identification:_identify(inverse-kinematics/log/build_2026-01-09_10-42-58/rover_arm_moveit_config) by extensions ['ros']
[2.257s] Level 1:colcon.colcon_core.package_identification:_identify(inverse-kinematics/log/build_2026-01-09_10-42-58/rover_arm_moveit_config) by extension 'ros'
[2.257s] Level 1:colcon.colcon_core.package_identification:_identify(inverse-kinematics/log/build_2026-01-09_10-42-58/rover_arm_moveit_config) by extensions ['cmake', 'python']
[2.257s] Level 1:colcon.colcon_core.package_identification:_identify(inverse-kinematics/log/build_2026-01-09_10-42-58/rover_arm_moveit_config) by extension 'cmake'
[2.257s] Level 1:colcon.colcon_core.package_identification:_identify(inverse-kinematics/log/build_2026-01-09_10-42-58/rover_arm_moveit_config) by extension 'python'
[2.257s] Level 1:colcon.colcon_core.package_identification:_identify(inverse-kinematics/log/build_2026-01-09_10-42-58/rover_arm_moveit_config) by extensions ['python_setup_py']
[2.257s] Level 1:colcon.colcon_core.package_identification:_identify(inverse-kinematics/log/build_2026-01-09_10-42-58/rover_arm_moveit_config) by extension 'python_setup_py'
[2.257s] Level 1:colcon.colcon_core.package_identification:_identify(inverse-kinematics/log/build_2026-01-09_12-16-33) by extensions ['ignore', 'ignore_ament_install']
[2.258s] Level 1:colcon.colcon_core.package_identification:_identify(inverse-kinematics/log/build_2026-01-09_12-16-33) by extension 'ignore'
[2.258s] Level 1:colcon.colcon_core.package_identification:_identify(inverse-kinematics/log/build_2026-01-09_12-16-33) by extension 'ignore_ament_install'
[2.258s] Level 1:colcon.colcon_core.package_identification:_identify(inverse-kinematics/log/build_2026-01-09_12-16-33) by extensions ['colcon_pkg']
[2.258s] Level 1:colcon.colcon_core.package_identification:_identify(inverse-kinematics/log/build_2026-01-09_12-16-33) by extension 'colcon_pkg'
[2.258s] Level 1:colcon.colcon_core.package_identification:_identify(inverse-kinematics/log/build_2026-01-09_12-16-33) by extensions ['colcon_meta']
[2.258s] Level 1:colcon.colcon_core.package_identification:_identify(inverse-kinematics/log/build_2026-01-09_12-16-33) by extension 'colcon_meta'
[2.258s] Level 1:colcon.colcon_core.package_identification:_identify(inverse-kinematics/log/build_2026-01-09_12-16-33) by extensions ['ros']
[2.258s] Level 1:colcon.colcon_core.package_identification:_identify(inverse-kinematics/log/build_2026-01-09_12-16-33) by extension 'ros'
[2.258s] Level 1:colcon.colcon_core.package_identification:_identify(inverse-kinematics/log/build_2026-01-09_12-16-33) by extensions ['cmake', 'python']
[2.259s] Level 1:colcon.colcon_core.package_identification:_identify(inverse-kinematics/log/build_2026-01-09_12-16-33) by extension 'cmake'
[2.259s] Level 1:colcon.colcon_core.package_identification:_identify(inverse-kinematics/log/build_2026-01-09_12-16-33) by extension 'python'
[2.259s] Level 1:colcon.colcon_core.package_identification:_identify(inverse-kinematics/log/build_2026-01-09_12-16-33) by extensions ['python_setup_py']
[2.259s] Level 1:colcon.colcon_core.package_identification:_identify(inverse-kinematics/log/build_2026-01-09_12-16-33) by extension 'python_setup_py'
[2.260s] Level 1:colcon.colcon_core.package_identification:_identify(inverse-kinematics/log/build_2026-01-09_12-16-33/rover_arm_bringup) by extensions ['ignore', 'ignore_ament_install']
[2.260s] Level 1:colcon.colcon_core.package_identification:_identify(inverse-kinematics/log/build_2026-01-09_12-16-33/rover_arm_bringup) by extension 'ignore'
[2.260s] Level 1:colcon.colcon_core.package_identification:_identify(inverse-kinematics/log/build_2026-01-09_12-16-33/rover_arm_bringup) by extension 'ignore_ament_install'
[2.260s] Level 1:colcon.colcon_core.package_identification:_identify(inverse-kinematics/log/build_2026-01-09_12-16-33/rover_arm_bringup) by extensions ['colcon_pkg']
[2.260s] Level 1:colcon.colcon_core.package_identification:_identify(inverse-kinematics/log/build_2026-01-09_12-16-33/rover_arm_bringup) by extension 'colcon_pkg'
[2.261s] Level 1:colcon.colcon_core.package_identification:_identify(inverse-kinematics/log/build_2026-01-09_12-16-33/rover_arm_bringup) by extensions ['colcon_meta']
[2.261s] Level 1:colcon.colcon_core.package_identification:_identify(inverse-kinematics/log/build_2026-01-09_12-16-33/rover_arm_bringup) by extension 'colcon_meta'
[2.261s] Level 1:colcon.colcon_core.package_identification:_identify(inverse-kinematics/log/build_2026-01-09_12-16-33/rover_arm_bringup) by extensions ['ros']
[2.261s] Level 1:colcon.colcon_core.package_identification:_identify(inverse-kinematics/log/build_2026-01-09_12-16-33/rover_arm_bringup) by extension 'ros'
[2.261s] Level 1:colcon.colcon_core.package_identification:_identify(inverse-kinematics/log/build_2026-01-09_12-16-33/rover_arm_bringup) by extensions ['cmake', 'python']
[2.261s] Level 1:colcon.colcon_core.package_identification:_identify(inverse-kinematics/log/build_2026-01-09_12-16-33/rover_arm_bringup) by extension 'cmake'
[2.261s] Level 1:colcon.colcon_core.package_identification:_identify(inverse-kinematics/log/build_2026-01-09_12-16-33/rover_arm_bringup) by extension 'python'
[2.261s] Level 1:colcon.colcon_core.package_identification:_identify(inverse-kinematics/log/build_2026-01-09_12-16-33/rover_arm_bringup) by extensions ['python_setup_py']
[2.261s] Level 1:colcon.colcon_core.package_identification:_identify(inverse-kinematics/log/build_2026-01-09_12-16-33/rover_arm_bringup) by extension 'python_setup_py'
[2.262s] Level 1:colcon.colcon_core.package_identification:_identify(inverse-kinematics/log/build_2026-01-09_12-48-54) by extensions ['ignore', 'ignore_ament_install']
[2.262s] Level 1:colcon.colcon_core.package_identification:_identify(inverse-kinematics/log/build_2026-01-09_12-48-54) by extension 'ignore'
[2.263s] Level 1:colcon.colcon_core.package_identification:_identify(inverse-kinematics/log/build_2026-01-09_12-48-54) by extension 'ignore_ament_install'
[2.263s] Level 1:colcon.colcon_core.package_identification:_identify(inverse-kinematics/log/build_2026-01-09_12-48-54) by extensions ['colcon_pkg']
[2.263s] Level 1:colcon.colcon_core.package_identification:_identify(inverse-kinematics/log/build_2026-01-09_12-48-54) by extension 'colcon_pkg'
[2.263s] Level 1:colcon.colcon_core.package_identification:_identify(inverse-kinematics/log/build_2026-01-09_12-48-54) by extensions ['colcon_meta']
[2.263s] Level 1:colcon.colcon_core.package_identification:_identify(inverse-kinematics/log/build_2026-01-09_12-48-54) by extension 'colcon_meta'
[2.263s] Level 1:colcon.colcon_core.package_identification:_identify(inverse-kinematics/log/build_2026-01-09_12-48-54) by extensions ['ros']
[2.263s] Level 1:colcon.colcon_core.package_identification:_identify(inverse-kinematics/log/build_2026-01-09_12-48-54) by extension 'ros'
[2.263s] Level 1:colcon.colcon_core.package_identification:_identify(inverse-kinematics/log/build_2026-01-09_12-48-54) by extensions ['cmake', 'python']
[2.264s] Level 1:colcon.colcon_core.package_identification:_identify(inverse-kinematics/log/build_2026-01-09_12-48-54) by extension 'cmake'
[2.264s] Level 1:colcon.colcon_core.package_identification:_identify(inverse-kinematics/log/build_2026-01-09_12-48-54) by extension 'python'
[2.264s] Level 1:colcon.colcon_core.package_identification:_identify(inverse-kinematics/log/build_2026-01-09_12-48-54) by extensions ['python_setup_py']
[2.264s] Level 1:colcon.colcon_core.package_identification:_identify(inverse-kinematics/log/build_2026-01-09_12-48-54) by extension 'python_setup_py'
[2.265s] Level 1:colcon.colcon_core.package_identification:_identify(inverse-kinematics/log/build_2026-01-09_12-48-54/rover_arm_bringup) by extensions ['ignore', 'ignore_ament_install']
[2.265s] Level 1:colcon.colcon_core.package_identification:_identify(inverse-kinematics/log/build_2026-01-09_12-48-54/rover_arm_bringup) by extension 'ignore'
[2.265s] Level 1:colcon.colcon_core.package_identification:_identify(inverse-kinematics/log/build_2026-01-09_12-48-54/rover_arm_bringup) by extension 'ignore_ament_install'
[2.266s] Level 1:colcon.colcon_core.package_identification:_identify(inverse-kinematics/log/build_2026-01-09_12-48-54/rover_arm_bringup) by extensions ['colcon_pkg']
[2.266s] Level 1:colcon.colcon_core.package_identification:_identify(inverse-kinematics/log/build_2026-01-09_12-48-54/rover_arm_bringup) by extension 'colcon_pkg'
[2.266s] Level 1:colcon.colcon_core.package_identification:_identify(inverse-kinematics/log/build_2026-01-09_12-48-54/rover_arm_bringup) by extensions ['colcon_meta']
[2.266s] Level 1:colcon.colcon_core.package_identification:_identify(inverse-kinematics/log/build_2026-01-09_12-48-54/rover_arm_bringup) by extension 'colcon_meta'
[2.266s] Level 1:colcon.colcon_core.package_identification:_identify(inverse-kinematics/log/build_2026-01-09_12-48-54/rover_arm_bringup) by extensions ['ros']
[2.266s] Level 1:colcon.colcon_core.package_identification:_identify(inverse-kinematics/log/build_2026-01-09_12-48-54/rover_arm_bringup) by extension 'ros'
[2.267s] Level 1:colcon.colcon_core.package_identification:_identify(inverse-kinematics/log/build_2026-01-09_12-48-54/rover_arm_bringup) by extensions ['cmake', 'python']
[2.267s] Level 1:colcon.colcon_core.package_identification:_identify(inverse-kinematics/log/build_2026-01-09_12-48-54/rover_arm_bringup) by extension 'cmake'
[2.267s] Level 1:colcon.colcon_core.package_identification:_identify(inverse-kinematics/log/build_2026-01-09_12-48-54/rover_arm_bringup) by extension 'python'
[2.267s] Level 1:colcon.colcon_core.package_identification:_identify(inverse-kinematics/log/build_2026-01-09_12-48-54/rover_arm_bringup) by extensions ['python_setup_py']
[2.267s] Level 1:colcon.colcon_core.package_identification:_identify(inverse-kinematics/log/build_2026-01-09_12-48-54/rover_arm_bringup) by extension 'python_setup_py'
[2.268s] Level 1:colcon.colcon_core.package_identification:_identify(inverse-kinematics/log/build_2026-01-09_17-50-38) by extensions ['ignore', 'ignore_ament_install']
[2.268s] Level 1:colcon.colcon_core.package_identification:_identify(inverse-kinematics/log/build_2026-01-09_17-50-38) by extension 'ignore'
[2.269s] Level 1:colcon.colcon_core.package_identification:_identify(inverse-kinematics/log/build_2026-01-09_17-50-38) by extension 'ignore_ament_install'
[2.269s] Level 1:colcon.colcon_core.package_identification:_identify(inverse-kinematics/log/build_2026-01-09_17-50-38) by extensions ['colcon_pkg']
[2.269s] Level 1:colcon.colcon_core.package_identification:_identify(inverse-kinematics/log/build_2026-01-09_17-50-38) by extension 'colcon_pkg'
[2.269s] Level 1:colcon.colcon_core.package_identification:_identify(inverse-kinematics/log/build_2026-01-09_17-50-38) by extensions ['colcon_meta']
[2.269s] Level 1:colcon.colcon_core.package_identification:_identify(inverse-kinematics/log/build_2026-01-09_17-50-38) by extension 'colcon_meta'
[2.270s] Level 1:colcon.colcon_core.package_identification:_identify(inverse-kinematics/log/build_2026-01-09_17-50-38) by extensions ['ros']
[2.270s] Level 1:colcon.colcon_core.package_identification:_identify(inverse-kinematics/log/build_2026-01-09_17-50-38) by extension 'ros'
[2.270s] Level 1:colcon.colcon_core.package_identification:_identify(inverse-kinematics/log/build_2026-01-09_17-50-38) by extensions ['cmake', 'python']
[2.270s] Level 1:colcon.colcon_core.package_identification:_identify(inverse-kinematics/log/build_2026-01-09_17-50-38) by extension 'cmake'
[2.270s] Level 1:colcon.colcon_core.package_identification:_identify(inverse-kinematics/log/build_2026-01-09_17-50-38) by extension 'python'
[2.270s] Level 1:colcon.colcon_core.package_identification:_identify(inverse-kinematics/log/build_2026-01-09_17-50-38) by extensions ['python_setup_py']
[2.270s] Level 1:colcon.colcon_core.package_identification:_identify(inverse-kinematics/log/build_2026-01-09_17-50-38) by extension 'python_setup_py'
[2.271s] Level 1:colcon.colcon_core.package_identification:_identify(inverse-kinematics/log/build_2026-01-09_17-50-38/rover_arm_bringup) by extensions ['ignore', 'ignore_ament_install']
[2.271s] Level 1:colcon.colcon_core.package_identification:_identify(inverse-kinematics/log/build_2026-01-09_17-50-38/rover_arm_bringup) by extension 'ignore'
[2.271s] Level 1:colcon.colcon_core.package_identification:_identify(inverse-kinematics/log/build_2026-01-09_17-50-38/rover_arm_bringup) by extension 'ignore_ament_install'
[2.271s] Level 1:colcon.colcon_core.package_identification:_identify(inverse-kinematics/log/build_2026-01-09_17-50-38/rover_arm_bringup) by extensions ['colcon_pkg']
[2.271s] Level 1:colcon.colcon_core.package_identification:_identify(inverse-kinematics/log/build_2026-01-09_17-50-38/rover_arm_bringup) by extension 'colcon_pkg'
[2.272s] Level 1:colcon.colcon_core.package_identification:_identify(inverse-kinematics/log/build_2026-01-09_17-50-38/rover_arm_bringup) by extensions ['colcon_meta']
[2.272s] Level 1:colcon.colcon_core.package_identification:_identify(inverse-kinematics/log/build_2026-01-09_17-50-38/rover_arm_bringup) by extension 'colcon_meta'
[2.272s] Level 1:colcon.colcon_core.package_identification:_identify(inverse-kinematics/log/build_2026-01-09_17-50-38/rover_arm_bringup) by extensions ['ros']
[2.272s] Level 1:colcon.colcon_core.package_identification:_identify(inverse-kinematics/log/build_2026-01-09_17-50-38/rover_arm_bringup) by extension 'ros'
[2.272s] Level 1:colcon.colcon_core.package_identification:_identify(inverse-kinematics/log/build_2026-01-09_17-50-38/rover_arm_bringup) by extensions ['cmake', 'python']
[2.272s] Level 1:colcon.colcon_core.package_identification:_identify(inverse-kinematics/log/build_2026-01-09_17-50-38/rover_arm_bringup) by extension 'cmake'
[2.272s] Level 1:colcon.colcon_core.package_identification:_identify(inverse-kinematics/log/build_2026-01-09_17-50-38/rover_arm_bringup) by extension 'python'
[2.272s] Level 1:colcon.colcon_core.package_identification:_identify(inverse-kinematics/log/build_2026-01-09_17-50-38/rover_arm_bringup) by extensions ['python_setup_py']
[2.272s] Level 1:colcon.colcon_core.package_identification:_identify(inverse-kinematics/log/build_2026-01-09_17-50-38/rover_arm_bringup) by extension 'python_setup_py'
[2.273s] Level 1:colcon.colcon_core.package_identification:_identify(inverse-kinematics/log/build_2026-01-09_17-50-38/rover_arm_description) by extensions ['ignore', 'ignore_ament_install']
[2.273s] Level 1:colcon.colcon_core.package_identification:_identify(inverse-kinematics/log/build_2026-01-09_17-50-38/rover_arm_description) by extension 'ignore'
[2.274s] Level 1:colcon.colcon_core.package_identification:_identify(inverse-kinematics/log/build_2026-01-09_17-50-38/rover_arm_description) by extension 'ignore_ament_install'
[2.274s] Level 1:colcon.colcon_core.package_identification:_identify(inverse-kinematics/log/build_2026-01-09_17-50-38/rover_arm_description) by extensions ['colcon_pkg']
[2.274s] Level 1:colcon.colcon_core.package_identification:_identify(inverse-kinematics/log/build_2026-01-09_17-50-38/rover_arm_description) by extension 'colcon_pkg'
[2.274s] Level 1:colcon.colcon_core.package_identification:_identify(inverse-kinematics/log/build_2026-01-09_17-50-38/rover_arm_description) by extensions ['colcon_meta']
[2.274s] Level 1:colcon.colcon_core.package_identification:_identify(inverse-kinematics/log/build_2026-01-09_17-50-38/rover_arm_description) by extension 'colcon_meta'
[2.274s] Level 1:colcon.colcon_core.package_identification:_identify(inverse-kinematics/log/build_2026-01-09_17-50-38/rover_arm_description) by extensions ['ros']
[2.274s] Level 1:colcon.colcon_core.package_identification:_identify(inverse-kinematics/log/build_2026-01-09_17-50-38/rover_arm_description) by extension 'ros'
[2.274s] Level 1:colcon.colcon_core.package_identification:_identify(inverse-kinematics/log/build_2026-01-09_17-50-38/rover_arm_description) by extensions ['cmake', 'python']
[2.274s] Level 1:colcon.colcon_core.package_identification:_identify(inverse-kinematics/log/build_2026-01-09_17-50-38/rover_arm_description) by extension 'cmake'
[2.275s] Level 1:colcon.colcon_core.package_identification:_identify(inverse-kinematics/log/build_2026-01-09_17-50-38/rover_arm_description) by extension 'python'
[2.275s] Level 1:colcon.colcon_core.package_identification:_identify(inverse-kinematics/log/build_2026-01-09_17-50-38/rover_arm_description) by extensions ['python_setup_py']
[2.275s] Level 1:colcon.colcon_core.package_identification:_identify(inverse-kinematics/log/build_2026-01-09_17-50-38/rover_arm_description) by extension 'python_setup_py'
[2.275s] Level 1:colcon.colcon_core.package_identification:_identify(inverse-kinematics/log/build_2026-01-09_17-50-38/rover_arm_moveit_config) by extensions ['ignore', 'ignore_ament_install']
[2.276s] Level 1:colcon.colcon_core.package_identification:_identify(inverse-kinematics/log/build_2026-01-09_17-50-38/rover_arm_moveit_config) by extension 'ignore'
[2.276s] Level 1:colcon.colcon_core.package_identification:_identify(inverse-kinematics/log/build_2026-01-09_17-50-38/rover_arm_moveit_config) by extension 'ignore_ament_install'
[2.276s] Level 1:colcon.colcon_core.package_identification:_identify(inverse-kinematics/log/build_2026-01-09_17-50-38/rover_arm_moveit_config) by extensions ['colcon_pkg']
[2.276s] Level 1:colcon.colcon_core.package_identification:_identify(inverse-kinematics/log/build_2026-01-09_17-50-38/rover_arm_moveit_config) by extension 'colcon_pkg'
[2.276s] Level 1:colcon.colcon_core.package_identification:_identify(inverse-kinematics/log/build_2026-01-09_17-50-38/rover_arm_moveit_config) by extensions ['colcon_meta']
[2.276s] Level 1:colcon.colcon_core.package_identification:_identify(inverse-kinematics/log/build_2026-01-09_17-50-38/rover_arm_moveit_config) by extension 'colcon_meta'
[2.276s] Level 1:colcon.colcon_core.package_identification:_identify(inverse-kinematics/log/build_2026-01-09_17-50-38/rover_arm_moveit_config) by extensions ['ros']
[2.276s] Level 1:colcon.colcon_core.package_identification:_identify(inverse-kinematics/log/build_2026-01-09_17-50-38/rover_arm_moveit_config) by extension 'ros'
[2.277s] Level 1:colcon.colcon_core.package_identification:_identify(inverse-kinematics/log/build_2026-01-09_17-50-38/rover_arm_moveit_config) by extensions ['cmake', 'python']
[2.277s] Level 1:colcon.colcon_core.package_identification:_identify(inverse-kinematics/log/build_2026-01-09_17-50-38/rover_arm_moveit_config) by extension 'cmake'
[2.277s] Level 1:colcon.colcon_core.package_identification:_identify(inverse-kinematics/log/build_2026-01-09_17-50-38/rover_arm_moveit_config) by extension 'python'
[2.277s] Level 1:colcon.colcon_core.package_identification:_identify(inverse-kinematics/log/build_2026-01-09_17-50-38/rover_arm_moveit_config) by extensions ['python_setup_py']
[2.277s] Level 1:colcon.colcon_core.package_identification:_identify(inverse-kinematics/log/build_2026-01-09_17-50-38/rover_arm_moveit_config) by extension 'python_setup_py'
[2.278s] Level 1:colcon.colcon_core.package_identification:_identify(inverse-kinematics/log/build_2026-01-09_18-21-39) by extensions ['ignore', 'ignore_ament_install']
[2.278s] Level 1:colcon.colcon_core.package_identification:_identify(inverse-kinematics/log/build_2026-01-09_18-21-39) by extension 'ignore'
[2.278s] Level 1:colcon.colcon_core.package_identification:_identify(inverse-kinematics/log/build_2026-01-09_18-21-39) by extension 'ignore_ament_install'
[2.278s] Level 1:colcon.colcon_core.package_identification:_identify(inverse-kinematics/log/build_2026-01-09_18-21-39) by extensions ['colcon_pkg']
[2.278s] Level 1:colcon.colcon_core.package_identification:_identify(inverse-kinematics/log/build_2026-01-09_18-21-39) by extension 'colcon_pkg'
[2.279s] Level 1:colcon.colcon_core.package_identification:_identify(inverse-kinematics/log/build_2026-01-09_18-21-39) by extensions ['colcon_meta']
[2.279s] Level 1:colcon.colcon_core.package_identification:_identify(inverse-kinematics/log/build_2026-01-09_18-21-39) by extension 'colcon_meta'
[2.279s] Level 1:colcon.colcon_core.package_identification:_identify(inverse-kinematics/log/build_2026-01-09_18-21-39) by extensions ['ros']
[2.279s] Level 1:colcon.colcon_core.package_identification:_identify(inverse-kinematics/log/build_2026-01-09_18-21-39) by extension 'ros'
[2.279s] Level 1:colcon.colcon_core.package_identification:_identify(inverse-kinematics/log/build_2026-01-09_18-21-39) by extensions ['cmake', 'python']
[2.279s] Level 1:colcon.colcon_core.package_identification:_identify(inverse-kinematics/log/build_2026-01-09_18-21-39) by extension 'cmake'
[2.279s] Level 1:colcon.colcon_core.package_identification:_identify(inverse-kinematics/log/build_2026-01-09_18-21-39) by extension 'python'
[2.279s] Level 1:colcon.colcon_core.package_identification:_identify(inverse-kinematics/log/build_2026-01-09_18-21-39) by extensions ['python_setup_py']
[2.279s] Level 1:colcon.colcon_core.package_identification:_identify(inverse-kinematics/log/build_2026-01-09_18-21-39) by extension 'python_setup_py'
[2.280s] Level 1:colcon.colcon_core.package_identification:_identify(inverse-kinematics/log/build_2026-01-09_18-21-39/rover_arm_bringup) by extensions ['ignore', 'ignore_ament_install']
[2.280s] Level 1:colcon.colcon_core.package_identification:_identify(inverse-kinematics/log/build_2026-01-09_18-21-39/rover_arm_bringup) by extension 'ignore'
[2.280s] Level 1:colcon.colcon_core.package_identification:_identify(inverse-kinematics/log/build_2026-01-09_18-21-39/rover_arm_bringup) by extension 'ignore_ament_install'
[2.281s] Level 1:colcon.colcon_core.package_identification:_identify(inverse-kinematics/log/build_2026-01-09_18-21-39/rover_arm_bringup) by extensions ['colcon_pkg']
[2.281s] Level 1:colcon.colcon_core.package_identification:_identify(inverse-kinematics/log/build_2026-01-09_18-21-39/rover_arm_bringup) by extension 'colcon_pkg'
[2.281s] Level 1:colcon.colcon_core.package_identification:_identify(inverse-kinematics/log/build_2026-01-09_18-21-39/rover_arm_bringup) by extensions ['colcon_meta']
[2.281s] Level 1:colcon.colcon_core.package_identification:_identify(inverse-kinematics/log/build_2026-01-09_18-21-39/rover_arm_bringup) by extension 'colcon_meta'
[2.281s] Level 1:colcon.colcon_core.package_identification:_identify(inverse-kinematics/log/build_2026-01-09_18-21-39/rover_arm_bringup) by extensions ['ros']
[2.281s] Level 1:colcon.colcon_core.package_identification:_identify(inverse-kinematics/log/build_2026-01-09_18-21-39/rover_arm_bringup) by extension 'ros'
[2.281s] Level 1:colcon.colcon_core.package_identification:_identify(inverse-kinematics/log/build_2026-01-09_18-21-39/rover_arm_bringup) by extensions ['cmake', 'python']
[2.281s] Level 1:colcon.colcon_core.package_identification:_identify(inverse-kinematics/log/build_2026-01-09_18-21-39/rover_arm_bringup) by extension 'cmake'
[2.281s] Level 1:colcon.colcon_core.package_identification:_identify(inverse-kinematics/log/build_2026-01-09_18-21-39/rover_arm_bringup) by extension 'python'
[2.282s] Level 1:colcon.colcon_core.package_identification:_identify(inverse-kinematics/log/build_2026-01-09_18-21-39/rover_arm_bringup) by extensions ['python_setup_py']
[2.282s] Level 1:colcon.colcon_core.package_identification:_identify(inverse-kinematics/log/build_2026-01-09_18-21-39/rover_arm_bringup) by extension 'python_setup_py'
[2.283s] Level 1:colcon.colcon_core.package_identification:_identify(inverse-kinematics/log/build_2026-01-09_18-21-39/rover_arm_description) by extensions ['ignore', 'ignore_ament_install']
[2.283s] Level 1:colcon.colcon_core.package_identification:_identify(inverse-kinematics/log/build_2026-01-09_18-21-39/rover_arm_description) by extension 'ignore'
[2.283s] Level 1:colcon.colcon_core.package_identification:_identify(inverse-kinematics/log/build_2026-01-09_18-21-39/rover_arm_description) by extension 'ignore_ament_install'
[2.283s] Level 1:colcon.colcon_core.package_identification:_identify(inverse-kinematics/log/build_2026-01-09_18-21-39/rover_arm_description) by extensions ['colcon_pkg']
[2.283s] Level 1:colcon.colcon_core.package_identification:_identify(inverse-kinematics/log/build_2026-01-09_18-21-39/rover_arm_description) by extension 'colcon_pkg'
[2.283s] Level 1:colcon.colcon_core.package_identification:_identify(inverse-kinematics/log/build_2026-01-09_18-21-39/rover_arm_description) by extensions ['colcon_meta']
[2.283s] Level 1:colcon.colcon_core.package_identification:_identify(inverse-kinematics/log/build_2026-01-09_18-21-39/rover_arm_description) by extension 'colcon_meta'
[2.284s] Level 1:colcon.colcon_core.package_identification:_identify(inverse-kinematics/log/build_2026-01-09_18-21-39/rover_arm_description) by extensions ['ros']
[2.284s] Level 1:colcon.colcon_core.package_identification:_identify(inverse-kinematics/log/build_2026-01-09_18-21-39/rover_arm_description) by extension 'ros'
[2.284s] Level 1:colcon.colcon_core.package_identification:_identify(inverse-kinematics/log/build_2026-01-09_18-21-39/rover_arm_description) by extensions ['cmake', 'python']
[2.284s] Level 1:colcon.colcon_core.package_identification:_identify(inverse-kinematics/log/build_2026-01-09_18-21-39/rover_arm_description) by extension 'cmake'
[2.284s] Level 1:colcon.colcon_core.package_identification:_identify(inverse-kinematics/log/build_2026-01-09_18-21-39/rover_arm_description) by extension 'python'
[2.284s] Level 1:colcon.colcon_core.package_identification:_identify(inverse-kinematics/log/build_2026-01-09_18-21-39/rover_arm_description) by extensions ['python_setup_py']
[2.284s] Level 1:colcon.colcon_core.package_identification:_identify(inverse-kinematics/log/build_2026-01-09_18-21-39/rover_arm_description) by extension 'python_setup_py'
[2.285s] Level 1:colcon.colcon_core.package_identification:_identify(inverse-kinematics/log/build_2026-01-09_18-21-39/rover_arm_moveit_config) by extensions ['ignore', 'ignore_ament_install']
[2.286s] Level 1:colcon.colcon_core.package_identification:_identify(inverse-kinematics/log/build_2026-01-09_18-21-39/rover_arm_moveit_config) by extension 'ignore'
[2.286s] Level 1:colcon.colcon_core.package_identification:_identify(inverse-kinematics/log/build_2026-01-09_18-21-39/rover_arm_moveit_config) by extension 'ignore_ament_install'
[2.286s] Level 1:colcon.colcon_core.package_identification:_identify(inverse-kinematics/log/build_2026-01-09_18-21-39/rover_arm_moveit_config) by extensions ['colcon_pkg']
[2.286s] Level 1:colcon.colcon_core.package_identification:_identify(inverse-kinematics/log/build_2026-01-09_18-21-39/rover_arm_moveit_config) by extension 'colcon_pkg'
[2.286s] Level 1:colcon.colcon_core.package_identification:_identify(inverse-kinematics/log/build_2026-01-09_18-21-39/rover_arm_moveit_config) by extensions ['colcon_meta']
[2.286s] Level 1:colcon.colcon_core.package_identification:_identify(inverse-kinematics/log/build_2026-01-09_18-21-39/rover_arm_moveit_config) by extension 'colcon_meta'
[2.287s] Level 1:colcon.colcon_core.package_identification:_identify(inverse-kinematics/log/build_2026-01-09_18-21-39/rover_arm_moveit_config) by extensions ['ros']
[2.287s] Level 1:colcon.colcon_core.package_identification:_identify(inverse-kinematics/log/build_2026-01-09_18-21-39/rover_arm_moveit_config) by extension 'ros'
[2.287s] Level 1:colcon.colcon_core.package_identification:_identify(inverse-kinematics/log/build_2026-01-09_18-21-39/rover_arm_moveit_config) by extensions ['cmake', 'python']
[2.287s] Level 1:colcon.colcon_core.package_identification:_identify(inverse-kinematics/log/build_2026-01-09_18-21-39/rover_arm_moveit_config) by extension 'cmake'
[2.287s] Level 1:colcon.colcon_core.package_identification:_identify(inverse-kinematics/log/build_2026-01-09_18-21-39/rover_arm_moveit_config) by extension 'python'
[2.287s] Level 1:colcon.colcon_core.package_identification:_identify(inverse-kinematics/log/build_2026-01-09_18-21-39/rover_arm_moveit_config) by extensions ['python_setup_py']
[2.287s] Level 1:colcon.colcon_core.package_identification:_identify(inverse-kinematics/log/build_2026-01-09_18-21-39/rover_arm_moveit_config) by extension 'python_setup_py'
[2.288s] Level 1:colcon.colcon_core.package_identification:_identify(inverse-kinematics/log/build_2026-01-09_18-37-31) by extensions ['ignore', 'ignore_ament_install']
[2.288s] Level 1:colcon.colcon_core.package_identification:_identify(inverse-kinematics/log/build_2026-01-09_18-37-31) by extension 'ignore'
[2.288s] Level 1:colcon.colcon_core.package_identification:_identify(inverse-kinematics/log/build_2026-01-09_18-37-31) by extension 'ignore_ament_install'
[2.288s] Level 1:colcon.colcon_core.package_identification:_identify(inverse-kinematics/log/build_2026-01-09_18-37-31) by extensions ['colcon_pkg']
[2.289s] Level 1:colcon.colcon_core.package_identification:_identify(inverse-kinematics/log/build_2026-01-09_18-37-31) by extension 'colcon_pkg'
[2.289s] Level 1:colcon.colcon_core.package_identification:_identify(inverse-kinematics/log/build_2026-01-09_18-37-31) by extensions ['colcon_meta']
[2.289s] Level 1:colcon.colcon_core.package_identification:_identify(inverse-kinematics/log/build_2026-01-09_18-37-31) by extension 'colcon_meta'
[2.289s] Level 1:colcon.colcon_core.package_identification:_identify(inverse-kinematics/log/build_2026-01-09_18-37-31) by extensions ['ros']
[2.289s] Level 1:colcon.colcon_core.package_identification:_identify(inverse-kinematics/log/build_2026-01-09_18-37-31) by extension 'ros'
[2.289s] Level 1:colcon.colcon_core.package_identification:_identify(inverse-kinematics/log/build_2026-01-09_18-37-31) by extensions ['cmake', 'python']
[2.289s] Level 1:colcon.colcon_core.package_identification:_identify(inverse-kinematics/log/build_2026-01-09_18-37-31) by extension 'cmake'
[2.289s] Level 1:colcon.colcon_core.package_identification:_identify(inverse-kinematics/log/build_2026-01-09_18-37-31) by extension 'python'
[2.289s] Level 1:colcon.colcon_core.package_identification:_identify(inverse-kinematics/log/build_2026-01-09_18-37-31) by extensions ['python_setup_py']
[2.290s] Level 1:colcon.colcon_core.package_identification:_identify(inverse-kinematics/log/build_2026-01-09_18-37-31) by extension 'python_setup_py'
[2.290s] Level 1:colcon.colcon_core.package_identification:_identify(inverse-kinematics/log/build_2026-01-09_18-37-31/rover_arm_bringup) by extensions ['ignore', 'ignore_ament_install']
[2.291s] Level 1:colcon.colcon_core.package_identification:_identify(inverse-kinematics/log/build_2026-01-09_18-37-31/rover_arm_bringup) by extension 'ignore'
[2.291s] Level 1:colcon.colcon_core.package_identification:_identify(inverse-kinematics/log/build_2026-01-09_18-37-31/rover_arm_bringup) by extension 'ignore_ament_install'
[2.291s] Level 1:colcon.colcon_core.package_identification:_identify(inverse-kinematics/log/build_2026-01-09_18-37-31/rover_arm_bringup) by extensions ['colcon_pkg']
[2.291s] Level 1:colcon.colcon_core.package_identification:_identify(inverse-kinematics/log/build_2026-01-09_18-37-31/rover_arm_bringup) by extension 'colcon_pkg'
[2.291s] Level 1:colcon.colcon_core.package_identification:_identify(inverse-kinematics/log/build_2026-01-09_18-37-31/rover_arm_bringup) by extensions ['colcon_meta']
[2.291s] Level 1:colcon.colcon_core.package_identification:_identify(inverse-kinematics/log/build_2026-01-09_18-37-31/rover_arm_bringup) by extension 'colcon_meta'
[2.291s] Level 1:colcon.colcon_core.package_identification:_identify(inverse-kinematics/log/build_2026-01-09_18-37-31/rover_arm_bringup) by extensions ['ros']
[2.291s] Level 1:colcon.colcon_core.package_identification:_identify(inverse-kinematics/log/build_2026-01-09_18-37-31/rover_arm_bringup) by extension 'ros'
[2.292s] Level 1:colcon.colcon_core.package_identification:_identify(inverse-kinematics/log/build_2026-01-09_18-37-31/rover_arm_bringup) by extensions ['cmake', 'python']
[2.292s] Level 1:colcon.colcon_core.package_identification:_identify(inverse-kinematics/log/build_2026-01-09_18-37-31/rover_arm_bringup) by extension 'cmake'
[2.292s] Level 1:colcon.colcon_core.package_identification:_identify(inverse-kinematics/log/build_2026-01-09_18-37-31/rover_arm_bringup) by extension 'python'
[2.292s] Level 1:colcon.colcon_core.package_identification:_identify(inverse-kinematics/log/build_2026-01-09_18-37-31/rover_arm_bringup) by extensions ['python_setup_py']
[2.292s] Level 1:colcon.colcon_core.package_identification:_identify(inverse-kinematics/log/build_2026-01-09_18-37-31/rover_arm_bringup) by extension 'python_setup_py'
[2.293s] Level 1:colcon.colcon_core.package_identification:_identify(inverse-kinematics/log/build_2026-01-09_18-37-31/rover_arm_description) by extensions ['ignore', 'ignore_ament_install']
[2.293s] Level 1:colcon.colcon_core.package_identification:_identify(inverse-kinematics/log/build_2026-01-09_18-37-31/rover_arm_description) by extension 'ignore'
[2.293s] Level 1:colcon.colcon_core.package_identification:_identify(inverse-kinematics/log/build_2026-01-09_18-37-31/rover_arm_description) by extension 'ignore_ament_install'
[2.293s] Level 1:colcon.colcon_core.package_identification:_identify(inverse-kinematics/log/build_2026-01-09_18-37-31/rover_arm_description) by extensions ['colcon_pkg']
[2.293s] Level 1:colcon.colcon_core.package_identification:_identify(inverse-kinematics/log/build_2026-01-09_18-37-31/rover_arm_description) by extension 'colcon_pkg'
[2.293s] Level 1:colcon.colcon_core.package_identification:_identify(inverse-kinematics/log/build_2026-01-09_18-37-31/rover_arm_description) by extensions ['colcon_meta']
[2.294s] Level 1:colcon.colcon_core.package_identification:_identify(inverse-kinematics/log/build_2026-01-09_18-37-31/rover_arm_description) by extension 'colcon_meta'
[2.294s] Level 1:colcon.colcon_core.package_identification:_identify(inverse-kinematics/log/build_2026-01-09_18-37-31/rover_arm_description) by extensions ['ros']
[2.294s] Level 1:colcon.colcon_core.package_identification:_identify(inverse-kinematics/log/build_2026-01-09_18-37-31/rover_arm_description) by extension 'ros'
[2.294s] Level 1:colcon.colcon_core.package_identification:_identify(inverse-kinematics/log/build_2026-01-09_18-37-31/rover_arm_description) by extensions ['cmake', 'python']
[2.294s] Level 1:colcon.colcon_core.package_identification:_identify(inverse-kinematics/log/build_2026-01-09_18-37-31/rover_arm_description) by extension 'cmake'
[2.294s] Level 1:colcon.colcon_core.package_identification:_identify(inverse-kinematics/log/build_2026-01-09_18-37-31/rover_arm_description) by extension 'python'
[2.295s] Level 1:colcon.colcon_core.package_identification:_identify(inverse-kinematics/log/build_2026-01-09_18-37-31/rover_arm_description) by extensions ['python_setup_py']
[2.295s] Level 1:colcon.colcon_core.package_identification:_identify(inverse-kinematics/log/build_2026-01-09_18-37-31/rover_arm_description) by extension 'python_setup_py'
[2.296s] Level 1:colcon.colcon_core.package_identification:_identify(inverse-kinematics/log/build_2026-01-09_18-37-31/rover_arm_moveit_config) by extensions ['ignore', 'ignore_ament_install']
[2.296s] Level 1:colcon.colcon_core.package_identification:_identify(inverse-kinematics/log/build_2026-01-09_18-37-31/rover_arm_moveit_config) by extension 'ignore'
[2.296s] Level 1:colcon.colcon_core.package_identification:_identify(inverse-kinematics/log/build_2026-01-09_18-37-31/rover_arm_moveit_config) by extension 'ignore_ament_install'
[2.296s] Level 1:colcon.colcon_core.package_identification:_identify(inverse-kinematics/log/build_2026-01-09_18-37-31/rover_arm_moveit_config) by extensions ['colcon_pkg']
[2.296s] Level 1:colcon.colcon_core.package_identification:_identify(inverse-kinematics/log/build_2026-01-09_18-37-31/rover_arm_moveit_config) by extension 'colcon_pkg'
[2.297s] Level 1:colcon.colcon_core.package_identification:_identify(inverse-kinematics/log/build_2026-01-09_18-37-31/rover_arm_moveit_config) by extensions ['colcon_meta']
[2.297s] Level 1:colcon.colcon_core.package_identification:_identify(inverse-kinematics/log/build_2026-01-09_18-37-31/rover_arm_moveit_config) by extension 'colcon_meta'
[2.297s] Level 1:colcon.colcon_core.package_identification:_identify(inverse-kinematics/log/build_2026-01-09_18-37-31/rover_arm_moveit_config) by extensions ['ros']
[2.297s] Level 1:colcon.colcon_core.package_identification:_identify(inverse-kinematics/log/build_2026-01-09_18-37-31/rover_arm_moveit_config) by extension 'ros'
[2.297s] Level 1:colcon.colcon_core.package_identification:_identify(inverse-kinematics/log/build_2026-01-09_18-37-31/rover_arm_moveit_config) by extensions ['cmake', 'python']
[2.297s] Level 1:colcon.colcon_core.package_identification:_identify(inverse-kinematics/log/build_2026-01-09_18-37-31/rover_arm_moveit_config) by extension 'cmake'
[2.297s] Level 1:colcon.colcon_core.package_identification:_identify(inverse-kinematics/log/build_2026-01-09_18-37-31/rover_arm_moveit_config) by extension 'python'
[2.297s] Level 1:colcon.colcon_core.package_identification:_identify(inverse-kinematics/log/build_2026-01-09_18-37-31/rover_arm_moveit_config) by extensions ['python_setup_py']
[2.297s] Level 1:colcon.colcon_core.package_identification:_identify(inverse-kinematics/log/build_2026-01-09_18-37-31/rover_arm_moveit_config) by extension 'python_setup_py'
[2.298s] Level 1:colcon.colcon_core.package_identification:_identify(inverse-kinematics/log/build_2026-01-09_18-50-23) by extensions ['ignore', 'ignore_ament_install']
[2.299s] Level 1:colcon.colcon_core.package_identification:_identify(inverse-kinematics/log/build_2026-01-09_18-50-23) by extension 'ignore'
[2.299s] Level 1:colcon.colcon_core.package_identification:_identify(inverse-kinematics/log/build_2026-01-09_18-50-23) by extension 'ignore_ament_install'
[2.299s] Level 1:colcon.colcon_core.package_identification:_identify(inverse-kinematics/log/build_2026-01-09_18-50-23) by extensions ['colcon_pkg']
[2.299s] Level 1:colcon.colcon_core.package_identification:_identify(inverse-kinematics/log/build_2026-01-09_18-50-23) by extension 'colcon_pkg'
[2.299s] Level 1:colcon.colcon_core.package_identification:_identify(inverse-kinematics/log/build_2026-01-09_18-50-23) by extensions ['colcon_meta']
[2.300s] Level 1:colcon.colcon_core.package_identification:_identify(inverse-kinematics/log/build_2026-01-09_18-50-23) by extension 'colcon_meta'
[2.300s] Level 1:colcon.colcon_core.package_identification:_identify(inverse-kinematics/log/build_2026-01-09_18-50-23) by extensions ['ros']
[2.300s] Level 1:colcon.colcon_core.package_identification:_identify(inverse-kinematics/log/build_2026-01-09_18-50-23) by extension 'ros'
[2.300s] Level 1:colcon.colcon_core.package_identification:_identify(inverse-kinematics/log/build_2026-01-09_18-50-23) by extensions ['cmake', 'python']
[2.300s] Level 1:colcon.colcon_core.package_identification:_identify(inverse-kinematics/log/build_2026-01-09_18-50-23) by extension 'cmake'
[2.300s] Level 1:colcon.colcon_core.package_identification:_identify(inverse-kinematics/log/build_2026-01-09_18-50-23) by extension 'python'
[2.300s] Level 1:colcon.colcon_core.package_identification:_identify(inverse-kinematics/log/build_2026-01-09_18-50-23) by extensions ['python_setup_py']
[2.300s] Level 1:colcon.colcon_core.package_identification:_identify(inverse-kinematics/log/build_2026-01-09_18-50-23) by extension 'python_setup_py'
[2.301s] Level 1:colcon.colcon_core.package_identification:_identify(inverse-kinematics/log/build_2026-01-09_18-50-23/rover_arm_bringup) by extensions ['ignore', 'ignore_ament_install']
[2.301s] Level 1:colcon.colcon_core.package_identification:_identify(inverse-kinematics/log/build_2026-01-09_18-50-23/rover_arm_bringup) by extension 'ignore'
[2.302s] Level 1:colcon.colcon_core.package_identification:_identify(inverse-kinematics/log/build_2026-01-09_18-50-23/rover_arm_bringup) by extension 'ignore_ament_install'
[2.302s] Level 1:colcon.colcon_core.package_identification:_identify(inverse-kinematics/log/build_2026-01-09_18-50-23/rover_arm_bringup) by extensions ['colcon_pkg']
[2.302s] Level 1:colcon.colcon_core.package_identification:_identify(inverse-kinematics/log/build_2026-01-09_18-50-23/rover_arm_bringup) by extension 'colcon_pkg'
[2.302s] Level 1:colcon.colcon_core.package_identification:_identify(inverse-kinematics/log/build_2026-01-09_18-50-23/rover_arm_bringup) by extensions ['colcon_meta']
[2.302s] Level 1:colcon.colcon_core.package_identification:_identify(inverse-kinematics/log/build_2026-01-09_18-50-23/rover_arm_bringup) by extension 'colcon_meta'
[2.302s] Level 1:colcon.colcon_core.package_identification:_identify(inverse-kinematics/log/build_2026-01-09_18-50-23/rover_arm_bringup) by extensions ['ros']
[2.302s] Level 1:colcon.colcon_core.package_identification:_identify(inverse-kinematics/log/build_2026-01-09_18-50-23/rover_arm_bringup) by extension 'ros'
[2.302s] Level 1:colcon.colcon_core.package_identification:_identify(inverse-kinematics/log/build_2026-01-09_18-50-23/rover_arm_bringup) by extensions ['cmake', 'python']
[2.302s] Level 1:colcon.colcon_core.package_identification:_identify(inverse-kinematics/log/build_2026-01-09_18-50-23/rover_arm_bringup) by extension 'cmake'
[2.303s] Level 1:colcon.colcon_core.package_identification:_identify(inverse-kinematics/log/build_2026-01-09_18-50-23/rover_arm_bringup) by extension 'python'
[2.303s] Level 1:colcon.colcon_core.package_identification:_identify(inverse-kinematics/log/build_2026-01-09_18-50-23/rover_arm_bringup) by extensions ['python_setup_py']
[2.303s] Level 1:colcon.colcon_core.package_identification:_identify(inverse-kinematics/log/build_2026-01-09_18-50-23/rover_arm_bringup) by extension 'python_setup_py'
[2.303s] Level 1:colcon.colcon_core.package_identification:_identify(inverse-kinematics/log/build_2026-01-09_18-50-23/rover_arm_description) by extensions ['ignore', 'ignore_ament_install']
[2.304s] Level 1:colcon.colcon_core.package_identification:_identify(inverse-kinematics/log/build_2026-01-09_18-50-23/rover_arm_description) by extension 'ignore'
[2.304s] Level 1:colcon.colcon_core.package_identification:_identify(inverse-kinematics/log/build_2026-01-09_18-50-23/rover_arm_description) by extension 'ignore_ament_install'
[2.304s] Level 1:colcon.colcon_core.package_identification:_identify(inverse-kinematics/log/build_2026-01-09_18-50-23/rover_arm_description) by extensions ['colcon_pkg']
[2.304s] Level 1:colcon.colcon_core.package_identification:_identify(inverse-kinematics/log/build_2026-01-09_18-50-23/rover_arm_description) by extension 'colcon_pkg'
[2.304s] Level 1:colcon.colcon_core.package_identification:_identify(inverse-kinematics/log/build_2026-01-09_18-50-23/rover_arm_description) by extensions ['colcon_meta']
[2.304s] Level 1:colcon.colcon_core.package_identification:_identify(inverse-kinematics/log/build_2026-01-09_18-50-23/rover_arm_description) by extension 'colcon_meta'
[2.304s] Level 1:colcon.colcon_core.package_identification:_identify(inverse-kinematics/log/build_2026-01-09_18-50-23/rover_arm_description) by extensions ['ros']
[2.304s] Level 1:colcon.colcon_core.package_identification:_identify(inverse-kinematics/log/build_2026-01-09_18-50-23/rover_arm_description) by extension 'ros'
[2.305s] Level 1:colcon.colcon_core.package_identification:_identify(inverse-kinematics/log/build_2026-01-09_18-50-23/rover_arm_description) by extensions ['cmake', 'python']
[2.305s] Level 1:colcon.colcon_core.package_identification:_identify(inverse-kinematics/log/build_2026-01-09_18-50-23/rover_arm_description) by extension 'cmake'
[2.305s] Level 1:colcon.colcon_core.package_identification:_identify(inverse-kinematics/log/build_2026-01-09_18-50-23/rover_arm_description) by extension 'python'
[2.305s] Level 1:colcon.colcon_core.package_identification:_identify(inverse-kinematics/log/build_2026-01-09_18-50-23/rover_arm_description) by extensions ['python_setup_py']
[2.305s] Level 1:colcon.colcon_core.package_identification:_identify(inverse-kinematics/log/build_2026-01-09_18-50-23/rover_arm_description) by extension 'python_setup_py'
[2.306s] Level 1:colcon.colcon_core.package_identification:_identify(inverse-kinematics/log/build_2026-01-09_18-50-23/rover_arm_moveit_config) by extensions ['ignore', 'ignore_ament_install']
[2.306s] Level 1:colcon.colcon_core.package_identification:_identify(inverse-kinematics/log/build_2026-01-09_18-50-23/rover_arm_moveit_config) by extension 'ignore'
[2.306s] Level 1:colcon.colcon_core.package_identification:_identify(inverse-kinematics/log/build_2026-01-09_18-50-23/rover_arm_moveit_config) by extension 'ignore_ament_install'
[2.307s] Level 1:colcon.colcon_core.package_identification:_identify(inverse-kinematics/log/build_2026-01-09_18-50-23/rover_arm_moveit_config) by extensions ['colcon_pkg']
[2.307s] Level 1:colcon.colcon_core.package_identification:_identify(inverse-kinematics/log/build_2026-01-09_18-50-23/rover_arm_moveit_config) by extension 'colcon_pkg'
[2.307s] Level 1:colcon.colcon_core.package_identification:_identify(inverse-kinematics/log/build_2026-01-09_18-50-23/rover_arm_moveit_config) by extensions ['colcon_meta']
[2.307s] Level 1:colcon.colcon_core.package_identification:_identify(inverse-kinematics/log/build_2026-01-09_18-50-23/rover_arm_moveit_config) by extension 'colcon_meta'
[2.307s] Level 1:colcon.colcon_core.package_identification:_identify(inverse-kinematics/log/build_2026-01-09_18-50-23/rover_arm_moveit_config) by extensions ['ros']
[2.307s] Level 1:colcon.colcon_core.package_identification:_identify(inverse-kinematics/log/build_2026-01-09_18-50-23/rover_arm_moveit_config) by extension 'ros'
[2.308s] Level 1:colcon.colcon_core.package_identification:_identify(inverse-kinematics/log/build_2026-01-09_18-50-23/rover_arm_moveit_config) by extensions ['cmake', 'python']
[2.308s] Level 1:colcon.colcon_core.package_identification:_identify(inverse-kinematics/log/build_2026-01-09_18-50-23/rover_arm_moveit_config) by extension 'cmake'
[2.308s] Level 1:colcon.colcon_core.package_identification:_identify(inverse-kinematics/log/build_2026-01-09_18-50-23/rover_arm_moveit_config) by extension 'python'
[2.308s] Level 1:colcon.colcon_core.package_identification:_identify(inverse-kinematics/log/build_2026-01-09_18-50-23/rover_arm_moveit_config) by extensions ['python_setup_py']
[2.308s] Level 1:colcon.colcon_core.package_identification:_identify(inverse-kinematics/log/build_2026-01-09_18-50-23/rover_arm_moveit_config) by extension 'python_setup_py'
[2.309s] Level 1:colcon.colcon_core.package_identification:_identify(inverse-kinematics/log/build_2026-01-09_19-11-59) by extensions ['ignore', 'ignore_ament_install']
[2.309s] Level 1:colcon.colcon_core.package_identification:_identify(inverse-kinematics/log/build_2026-01-09_19-11-59) by extension 'ignore'
[2.310s] Level 1:colcon.colcon_core.package_identification:_identify(inverse-kinematics/log/build_2026-01-09_19-11-59) by extension 'ignore_ament_install'
[2.310s] Level 1:colcon.colcon_core.package_identification:_identify(inverse-kinematics/log/build_2026-01-09_19-11-59) by extensions ['colcon_pkg']
[2.310s] Level 1:colcon.colcon_core.package_identification:_identify(inverse-kinematics/log/build_2026-01-09_19-11-59) by extension 'colcon_pkg'
[2.310s] Level 1:colcon.colcon_core.package_identification:_identify(inverse-kinematics/log/build_2026-01-09_19-11-59) by extensions ['colcon_meta']
[2.310s] Level 1:colcon.colcon_core.package_identification:_identify(inverse-kinematics/log/build_2026-01-09_19-11-59) by extension 'colcon_meta'
[2.310s] Level 1:colcon.colcon_core.package_identification:_identify(inverse-kinematics/log/build_2026-01-09_19-11-59) by extensions ['ros']
[2.310s] Level 1:colcon.colcon_core.package_identification:_identify(inverse-kinematics/log/build_2026-01-09_19-11-59) by extension 'ros'
[2.310s] Level 1:colcon.colcon_core.package_identification:_identify(inverse-kinematics/log/build_2026-01-09_19-11-59) by extensions ['cmake', 'python']
[2.310s] Level 1:colcon.colcon_core.package_identification:_identify(inverse-kinematics/log/build_2026-01-09_19-11-59) by extension 'cmake'
[2.311s] Level 1:colcon.colcon_core.package_identification:_identify(inverse-kinematics/log/build_2026-01-09_19-11-59) by extension 'python'
[2.311s] Level 1:colcon.colcon_core.package_identification:_identify(inverse-kinematics/log/build_2026-01-09_19-11-59) by extensions ['python_setup_py']
[2.311s] Level 1:colcon.colcon_core.package_identification:_identify(inverse-kinematics/log/build_2026-01-09_19-11-59) by extension 'python_setup_py'
[2.312s] Level 1:colcon.colcon_core.package_identification:_identify(inverse-kinematics/log/build_2026-01-09_19-11-59/rover_arm_bringup) by extensions ['ignore', 'ignore_ament_install']
[2.312s] Level 1:colcon.colcon_core.package_identification:_identify(inverse-kinematics/log/build_2026-01-09_19-11-59/rover_arm_bringup) by extension 'ignore'
[2.312s] Level 1:colcon.colcon_core.package_identification:_identify(inverse-kinematics/log/build_2026-01-09_19-11-59/rover_arm_bringup) by extension 'ignore_ament_install'
[2.312s] Level 1:colcon.colcon_core.package_identification:_identify(inverse-kinematics/log/build_2026-01-09_19-11-59/rover_arm_bringup) by extensions ['colcon_pkg']
[2.312s] Level 1:colcon.colcon_core.package_identification:_identify(inverse-kinematics/log/build_2026-01-09_19-11-59/rover_arm_bringup) by extension 'colcon_pkg'
[2.313s] Level 1:colcon.colcon_core.package_identification:_identify(inverse-kinematics/log/build_2026-01-09_19-11-59/rover_arm_bringup) by extensions ['colcon_meta']
[2.313s] Level 1:colcon.colcon_core.package_identification:_identify(inverse-kinematics/log/build_2026-01-09_19-11-59/rover_arm_bringup) by extension 'colcon_meta'
[2.313s] Level 1:colcon.colcon_core.package_identification:_identify(inverse-kinematics/log/build_2026-01-09_19-11-59/rover_arm_bringup) by extensions ['ros']
[2.313s] Level 1:colcon.colcon_core.package_identification:_identify(inverse-kinematics/log/build_2026-01-09_19-11-59/rover_arm_bringup) by extension 'ros'
[2.313s] Level 1:colcon.colcon_core.package_identification:_identify(inverse-kinematics/log/build_2026-01-09_19-11-59/rover_arm_bringup) by extensions ['cmake', 'python']
[2.313s] Level 1:colcon.colcon_core.package_identification:_identify(inverse-kinematics/log/build_2026-01-09_19-11-59/rover_arm_bringup) by extension 'cmake'
[2.313s] Level 1:colcon.colcon_core.package_identification:_identify(inverse-kinematics/log/build_2026-01-09_19-11-59/rover_arm_bringup) by extension 'python'
[2.313s] Level 1:colcon.colcon_core.package_identification:_identify(inverse-kinematics/log/build_2026-01-09_19-11-59/rover_arm_bringup) by extensions ['python_setup_py']
[2.313s] Level 1:colcon.colcon_core.package_identification:_identify(inverse-kinematics/log/build_2026-01-09_19-11-59/rover_arm_bringup) by extension 'python_setup_py'
[2.314s] Level 1:colcon.colcon_core.package_identification:_identify(inverse-kinematics/log/build_2026-01-09_19-11-59/rover_arm_description) by extensions ['ignore', 'ignore_ament_install']
[2.315s] Level 1:colcon.colcon_core.package_identification:_identify(inverse-kinematics/log/build_2026-01-09_19-11-59/rover_arm_description) by extension 'ignore'
[2.315s] Level 1:colcon.colcon_core.package_identification:_identify(inverse-kinematics/log/build_2026-01-09_19-11-59/rover_arm_description) by extension 'ignore_ament_install'
[2.315s] Level 1:colcon.colcon_core.package_identification:_identify(inverse-kinematics/log/build_2026-01-09_19-11-59/rover_arm_description) by extensions ['colcon_pkg']
[2.315s] Level 1:colcon.colcon_core.package_identification:_identify(inverse-kinematics/log/build_2026-01-09_19-11-59/rover_arm_description) by extension 'colcon_pkg'
[2.315s] Level 1:colcon.colcon_core.package_identification:_identify(inverse-kinematics/log/build_2026-01-09_19-11-59/rover_arm_description) by extensions ['colcon_meta']
[2.315s] Level 1:colcon.colcon_core.package_identification:_identify(inverse-kinematics/log/build_2026-01-09_19-11-59/rover_arm_description) by extension 'colcon_meta'
[2.316s] Level 1:colcon.colcon_core.package_identification:_identify(inverse-kinematics/log/build_2026-01-09_19-11-59/rover_arm_description) by extensions ['ros']
[2.316s] Level 1:colcon.colcon_core.package_identification:_identify(inverse-kinematics/log/build_2026-01-09_19-11-59/rover_arm_description) by extension 'ros'
[2.316s] Level 1:colcon.colcon_core.package_identification:_identify(inverse-kinematics/log/build_2026-01-09_19-11-59/rover_arm_description) by extensions ['cmake', 'python']
[2.316s] Level 1:colcon.colcon_core.package_identification:_identify(inverse-kinematics/log/build_2026-01-09_19-11-59/rover_arm_description) by extension 'cmake'
[2.316s] Level 1:colcon.colcon_core.package_identification:_identify(inverse-kinematics/log/build_2026-01-09_19-11-59/rover_arm_description) by extension 'python'
[2.316s] Level 1:colcon.colcon_core.package_identification:_identify(inverse-kinematics/log/build_2026-01-09_19-11-59/rover_arm_description) by extensions ['python_setup_py']
[2.316s] Level 1:colcon.colcon_core.package_identification:_identify(inverse-kinematics/log/build_2026-01-09_19-11-59/rover_arm_description) by extension 'python_setup_py'
[2.317s] Level 1:colcon.colcon_core.package_identification:_identify(inverse-kinematics/log/build_2026-01-09_19-11-59/rover_arm_moveit_config) by extensions ['ignore', 'ignore_ament_install']
[2.318s] Level 1:colcon.colcon_core.package_identification:_identify(inverse-kinematics/log/build_2026-01-09_19-11-59/rover_arm_moveit_config) by extension 'ignore'
[2.318s] Level 1:colcon.colcon_core.package_identification:_identify(inverse-kinematics/log/build_2026-01-09_19-11-59/rover_arm_moveit_config) by extension 'ignore_ament_install'
[2.318s] Level 1:colcon.colcon_core.package_identification:_identify(inverse-kinematics/log/build_2026-01-09_19-11-59/rover_arm_moveit_config) by extensions ['colcon_pkg']
[2.318s] Level 1:colcon.colcon_core.package_identification:_identify(inverse-kinematics/log/build_2026-01-09_19-11-59/rover_arm_moveit_config) by extension 'colcon_pkg'
[2.318s] Level 1:colcon.colcon_core.package_identification:_identify(inverse-kinematics/log/build_2026-01-09_19-11-59/rover_arm_moveit_config) by extensions ['colcon_meta']
[2.318s] Level 1:colcon.colcon_core.package_identification:_identify(inverse-kinematics/log/build_2026-01-09_19-11-59/rover_arm_moveit_config) by extension 'colcon_meta'
[2.318s] Level 1:colcon.colcon_core.package_identification:_identify(inverse-kinematics/log/build_2026-01-09_19-11-59/rover_arm_moveit_config) by extensions ['ros']
[2.318s] Level 1:colcon.colcon_core.package_identification:_identify(inverse-kinematics/log/build_2026-01-09_19-11-59/rover_arm_moveit_config) by extension 'ros'
[2.319s] Level 1:colcon.colcon_core.package_identification:_identify(inverse-kinematics/log/build_2026-01-09_19-11-59/rover_arm_moveit_config) by extensions ['cmake', 'python']
[2.319s] Level 1:colcon.colcon_core.package_identification:_identify(inverse-kinematics/log/build_2026-01-09_19-11-59/rover_arm_moveit_config) by extension 'cmake'
[2.319s] Level 1:colcon.colcon_core.package_identification:_identify(inverse-kinematics/log/build_2026-01-09_19-11-59/rover_arm_moveit_config) by extension 'python'
[2.319s] Level 1:colcon.colcon_core.package_identification:_identify(inverse-kinematics/log/build_2026-01-09_19-11-59/rover_arm_moveit_config) by extensions ['python_setup_py']
[2.319s] Level 1:colcon.colcon_core.package_identification:_identify(inverse-kinematics/log/build_2026-01-09_19-11-59/rover_arm_moveit_config) by extension 'python_setup_py'
[2.320s] Level 1:colcon.colcon_core.package_identification:_identify(inverse-kinematics/log/build_2026-01-09_19-17-25) by extensions ['ignore', 'ignore_ament_install']
[2.320s] Level 1:colcon.colcon_core.package_identification:_identify(inverse-kinematics/log/build_2026-01-09_19-17-25) by extension 'ignore'
[2.320s] Level 1:colcon.colcon_core.package_identification:_identify(inverse-kinematics/log/build_2026-01-09_19-17-25) by extension 'ignore_ament_install'
[2.321s] Level 1:colcon.colcon_core.package_identification:_identify(inverse-kinematics/log/build_2026-01-09_19-17-25) by extensions ['colcon_pkg']
[2.321s] Level 1:colcon.colcon_core.package_identification:_identify(inverse-kinematics/log/build_2026-01-09_19-17-25) by extension 'colcon_pkg'
[2.321s] Level 1:colcon.colcon_core.package_identification:_identify(inverse-kinematics/log/build_2026-01-09_19-17-25) by extensions ['colcon_meta']
[2.321s] Level 1:colcon.colcon_core.package_identification:_identify(inverse-kinematics/log/build_2026-01-09_19-17-25) by extension 'colcon_meta'
[2.321s] Level 1:colcon.colcon_core.package_identification:_identify(inverse-kinematics/log/build_2026-01-09_19-17-25) by extensions ['ros']
[2.321s] Level 1:colcon.colcon_core.package_identification:_identify(inverse-kinematics/log/build_2026-01-09_19-17-25) by extension 'ros'
[2.321s] Level 1:colcon.colcon_core.package_identification:_identify(inverse-kinematics/log/build_2026-01-09_19-17-25) by extensions ['cmake', 'python']
[2.321s] Level 1:colcon.colcon_core.package_identification:_identify(inverse-kinematics/log/build_2026-01-09_19-17-25) by extension 'cmake'
[2.321s] Level 1:colcon.colcon_core.package_identification:_identify(inverse-kinematics/log/build_2026-01-09_19-17-25) by extension 'python'
[2.322s] Level 1:colcon.colcon_core.package_identification:_identify(inverse-kinematics/log/build_2026-01-09_19-17-25) by extensions ['python_setup_py']
[2.322s] Level 1:colcon.colcon_core.package_identification:_identify(inverse-kinematics/log/build_2026-01-09_19-17-25) by extension 'python_setup_py'
[2.322s] Level 1:colcon.colcon_core.package_identification:_identify(inverse-kinematics/log/build_2026-01-09_19-17-25/rover_arm_bringup) by extensions ['ignore', 'ignore_ament_install']
[2.323s] Level 1:colcon.colcon_core.package_identification:_identify(inverse-kinematics/log/build_2026-01-09_19-17-25/rover_arm_bringup) by extension 'ignore'
[2.323s] Level 1:colcon.colcon_core.package_identification:_identify(inverse-kinematics/log/build_2026-01-09_19-17-25/rover_arm_bringup) by extension 'ignore_ament_install'
[2.323s] Level 1:colcon.colcon_core.package_identification:_identify(inverse-kinematics/log/build_2026-01-09_19-17-25/rover_arm_bringup) by extensions ['colcon_pkg']
[2.323s] Level 1:colcon.colcon_core.package_identification:_identify(inverse-kinematics/log/build_2026-01-09_19-17-25/rover_arm_bringup) by extension 'colcon_pkg'
[2.323s] Level 1:colcon.colcon_core.package_identification:_identify(inverse-kinematics/log/build_2026-01-09_19-17-25/rover_arm_bringup) by extensions ['colcon_meta']
[2.323s] Level 1:colcon.colcon_core.package_identification:_identify(inverse-kinematics/log/build_2026-01-09_19-17-25/rover_arm_bringup) by extension 'colcon_meta'
[2.323s] Level 1:colcon.colcon_core.package_identification:_identify(inverse-kinematics/log/build_2026-01-09_19-17-25/rover_arm_bringup) by extensions ['ros']
[2.323s] Level 1:colcon.colcon_core.package_identification:_identify(inverse-kinematics/log/build_2026-01-09_19-17-25/rover_arm_bringup) by extension 'ros'
[2.324s] Level 1:colcon.colcon_core.package_identification:_identify(inverse-kinematics/log/build_2026-01-09_19-17-25/rover_arm_bringup) by extensions ['cmake', 'python']
[2.324s] Level 1:colcon.colcon_core.package_identification:_identify(inverse-kinematics/log/build_2026-01-09_19-17-25/rover_arm_bringup) by extension 'cmake'
[2.324s] Level 1:colcon.colcon_core.package_identification:_identify(inverse-kinematics/log/build_2026-01-09_19-17-25/rover_arm_bringup) by extension 'python'
[2.324s] Level 1:colcon.colcon_core.package_identification:_identify(inverse-kinematics/log/build_2026-01-09_19-17-25/rover_arm_bringup) by extensions ['python_setup_py']
[2.324s] Level 1:colcon.colcon_core.package_identification:_identify(inverse-kinematics/log/build_2026-01-09_19-17-25/rover_arm_bringup) by extension 'python_setup_py'
[2.324s] Level 1:colcon.colcon_core.package_identification:_identify(inverse-kinematics/log/build_2026-01-09_19-17-25/rover_arm_description) by extensions ['ignore', 'ignore_ament_install']
[2.325s] Level 1:colcon.colcon_core.package_identification:_identify(inverse-kinematics/log/build_2026-01-09_19-17-25/rover_arm_description) by extension 'ignore'
[2.325s] Level 1:colcon.colcon_core.package_identification:_identify(inverse-kinematics/log/build_2026-01-09_19-17-25/rover_arm_description) by extension 'ignore_ament_install'
[2.325s] Level 1:colcon.colcon_core.package_identification:_identify(inverse-kinematics/log/build_2026-01-09_19-17-25/rover_arm_description) by extensions ['colcon_pkg']
[2.325s] Level 1:colcon.colcon_core.package_identification:_identify(inverse-kinematics/log/build_2026-01-09_19-17-25/rover_arm_description) by extension 'colcon_pkg'
[2.325s] Level 1:colcon.colcon_core.package_identification:_identify(inverse-kinematics/log/build_2026-01-09_19-17-25/rover_arm_description) by extensions ['colcon_meta']
[2.325s] Level 1:colcon.colcon_core.package_identification:_identify(inverse-kinematics/log/build_2026-01-09_19-17-25/rover_arm_description) by extension 'colcon_meta'
[2.325s] Level 1:colcon.colcon_core.package_identification:_identify(inverse-kinematics/log/build_2026-01-09_19-17-25/rover_arm_description) by extensions ['ros']
[2.325s] Level 1:colcon.colcon_core.package_identification:_identify(inverse-kinematics/log/build_2026-01-09_19-17-25/rover_arm_description) by extension 'ros'
[2.325s] Level 1:colcon.colcon_core.package_identification:_identify(inverse-kinematics/log/build_2026-01-09_19-17-25/rover_arm_description) by extensions ['cmake', 'python']
[2.325s] Level 1:colcon.colcon_core.package_identification:_identify(inverse-kinematics/log/build_2026-01-09_19-17-25/rover_arm_description) by extension 'cmake'
[2.326s] Level 1:colcon.colcon_core.package_identification:_identify(inverse-kinematics/log/build_2026-01-09_19-17-25/rover_arm_description) by extension 'python'
[2.326s] Level 1:colcon.colcon_core.package_identification:_identify(inverse-kinematics/log/build_2026-01-09_19-17-25/rover_arm_description) by extensions ['python_setup_py']
[2.326s] Level 1:colcon.colcon_core.package_identification:_identify(inverse-kinematics/log/build_2026-01-09_19-17-25/rover_arm_description) by extension 'python_setup_py'
[2.327s] Level 1:colcon.colcon_core.package_identification:_identify(inverse-kinematics/log/build_2026-01-09_19-17-25/rover_arm_moveit_config) by extensions ['ignore', 'ignore_ament_install']
[2.327s] Level 1:colcon.colcon_core.package_identification:_identify(inverse-kinematics/log/build_2026-01-09_19-17-25/rover_arm_moveit_config) by extension 'ignore'
[2.327s] Level 1:colcon.colcon_core.package_identification:_identify(inverse-kinematics/log/build_2026-01-09_19-17-25/rover_arm_moveit_config) by extension 'ignore_ament_install'
[2.328s] Level 1:colcon.colcon_core.package_identification:_identify(inverse-kinematics/log/build_2026-01-09_19-17-25/rover_arm_moveit_config) by extensions ['colcon_pkg']
[2.328s] Level 1:colcon.colcon_core.package_identification:_identify(inverse-kinematics/log/build_2026-01-09_19-17-25/rover_arm_moveit_config) by extension 'colcon_pkg'
[2.328s] Level 1:colcon.colcon_core.package_identification:_identify(inverse-kinematics/log/build_2026-01-09_19-17-25/rover_arm_moveit_config) by extensions ['colcon_meta']
[2.328s] Level 1:colcon.colcon_core.package_identification:_identify(inverse-kinematics/log/build_2026-01-09_19-17-25/rover_arm_moveit_config) by extension 'colcon_meta'
[2.328s] Level 1:colcon.colcon_core.package_identification:_identify(inverse-kinematics/log/build_2026-01-09_19-17-25/rover_arm_moveit_config) by extensions ['ros']
[2.328s] Level 1:colcon.colcon_core.package_identification:_identify(inverse-kinematics/log/build_2026-01-09_19-17-25/rover_arm_moveit_config) by extension 'ros'
[2.328s] Level 1:colcon.colcon_core.package_identification:_identify(inverse-kinematics/log/build_2026-01-09_19-17-25/rover_arm_moveit_config) by extensions ['cmake', 'python']
[2.328s] Level 1:colcon.colcon_core.package_identification:_identify(inverse-kinematics/log/build_2026-01-09_19-17-25/rover_arm_moveit_config) by extension 'cmake'
[2.328s] Level 1:colcon.colcon_core.package_identification:_identify(inverse-kinematics/log/build_2026-01-09_19-17-25/rover_arm_moveit_config) by extension 'python'
[2.329s] Level 1:colcon.colcon_core.package_identification:_identify(inverse-kinematics/log/build_2026-01-09_19-17-25/rover_arm_moveit_config) by extensions ['python_setup_py']
[2.329s] Level 1:colcon.colcon_core.package_identification:_identify(inverse-kinematics/log/build_2026-01-09_19-17-25/rover_arm_moveit_config) by extension 'python_setup_py'
[2.330s] Level 1:colcon.colcon_core.package_identification:_identify(inverse-kinematics/log/build_2026-01-09_19-18-52) by extensions ['ignore', 'ignore_ament_install']
[2.330s] Level 1:colcon.colcon_core.package_identification:_identify(inverse-kinematics/log/build_2026-01-09_19-18-52) by extension 'ignore'
[2.330s] Level 1:colcon.colcon_core.package_identification:_identify(inverse-kinematics/log/build_2026-01-09_19-18-52) by extension 'ignore_ament_install'
[2.330s] Level 1:colcon.colcon_core.package_identification:_identify(inverse-kinematics/log/build_2026-01-09_19-18-52) by extensions ['colcon_pkg']
[2.330s] Level 1:colcon.colcon_core.package_identification:_identify(inverse-kinematics/log/build_2026-01-09_19-18-52) by extension 'colcon_pkg'
[2.330s] Level 1:colcon.colcon_core.package_identification:_identify(inverse-kinematics/log/build_2026-01-09_19-18-52) by extensions ['colcon_meta']
[2.330s] Level 1:colcon.colcon_core.package_identification:_identify(inverse-kinematics/log/build_2026-01-09_19-18-52) by extension 'colcon_meta'
[2.330s] Level 1:colcon.colcon_core.package_identification:_identify(inverse-kinematics/log/build_2026-01-09_19-18-52) by extensions ['ros']
[2.331s] Level 1:colcon.colcon_core.package_identification:_identify(inverse-kinematics/log/build_2026-01-09_19-18-52) by extension 'ros'
[2.331s] Level 1:colcon.colcon_core.package_identification:_identify(inverse-kinematics/log/build_2026-01-09_19-18-52) by extensions ['cmake', 'python']
[2.331s] Level 1:colcon.colcon_core.package_identification:_identify(inverse-kinematics/log/build_2026-01-09_19-18-52) by extension 'cmake'
[2.331s] Level 1:colcon.colcon_core.package_identification:_identify(inverse-kinematics/log/build_2026-01-09_19-18-52) by extension 'python'
[2.331s] Level 1:colcon.colcon_core.package_identification:_identify(inverse-kinematics/log/build_2026-01-09_19-18-52) by extensions ['python_setup_py']
[2.331s] Level 1:colcon.colcon_core.package_identification:_identify(inverse-kinematics/log/build_2026-01-09_19-18-52) by extension 'python_setup_py'
[2.332s] Level 1:colcon.colcon_core.package_identification:_identify(inverse-kinematics/log/build_2026-01-09_19-18-52/rover_arm_bringup) by extensions ['ignore', 'ignore_ament_install']
[2.332s] Level 1:colcon.colcon_core.package_identification:_identify(inverse-kinematics/log/build_2026-01-09_19-18-52/rover_arm_bringup) by extension 'ignore'
[2.332s] Level 1:colcon.colcon_core.package_identification:_identify(inverse-kinematics/log/build_2026-01-09_19-18-52/rover_arm_bringup) by extension 'ignore_ament_install'
[2.333s] Level 1:colcon.colcon_core.package_identification:_identify(inverse-kinematics/log/build_2026-01-09_19-18-52/rover_arm_bringup) by extensions ['colcon_pkg']
[2.333s] Level 1:colcon.colcon_core.package_identification:_identify(inverse-kinematics/log/build_2026-01-09_19-18-52/rover_arm_bringup) by extension 'colcon_pkg'
[2.333s] Level 1:colcon.colcon_core.package_identification:_identify(inverse-kinematics/log/build_2026-01-09_19-18-52/rover_arm_bringup) by extensions ['colcon_meta']
[2.333s] Level 1:colcon.colcon_core.package_identification:_identify(inverse-kinematics/log/build_2026-01-09_19-18-52/rover_arm_bringup) by extension 'colcon_meta'
[2.333s] Level 1:colcon.colcon_core.package_identification:_identify(inverse-kinematics/log/build_2026-01-09_19-18-52/rover_arm_bringup) by extensions ['ros']
[2.333s] Level 1:colcon.colcon_core.package_identification:_identify(inverse-kinematics/log/build_2026-01-09_19-18-52/rover_arm_bringup) by extension 'ros'
[2.333s] Level 1:colcon.colcon_core.package_identification:_identify(inverse-kinematics/log/build_2026-01-09_19-18-52/rover_arm_bringup) by extensions ['cmake', 'python']
[2.333s] Level 1:colcon.colcon_core.package_identification:_identify(inverse-kinematics/log/build_2026-01-09_19-18-52/rover_arm_bringup) by extension 'cmake'
[2.333s] Level 1:colcon.colcon_core.package_identification:_identify(inverse-kinematics/log/build_2026-01-09_19-18-52/rover_arm_bringup) by extension 'python'
[2.334s] Level 1:colcon.colcon_core.package_identification:_identify(inverse-kinematics/log/build_2026-01-09_19-18-52/rover_arm_bringup) by extensions ['python_setup_py']
[2.334s] Level 1:colcon.colcon_core.package_identification:_identify(inverse-kinematics/log/build_2026-01-09_19-18-52/rover_arm_bringup) by extension 'python_setup_py'
[2.334s] Level 1:colcon.colcon_core.package_identification:_identify(inverse-kinematics/log/build_2026-01-09_19-18-52/rover_arm_description) by extensions ['ignore', 'ignore_ament_install']
[2.334s] Level 1:colcon.colcon_core.package_identification:_identify(inverse-kinematics/log/build_2026-01-09_19-18-52/rover_arm_description) by extension 'ignore'
[2.334s] Level 1:colcon.colcon_core.package_identification:_identify(inverse-kinematics/log/build_2026-01-09_19-18-52/rover_arm_description) by extension 'ignore_ament_install'
[2.334s] Level 1:colcon.colcon_core.package_identification:_identify(inverse-kinematics/log/build_2026-01-09_19-18-52/rover_arm_description) by extensions ['colcon_pkg']
[2.334s] Level 1:colcon.colcon_core.package_identification:_identify(inverse-kinematics/log/build_2026-01-09_19-18-52/rover_arm_description) by extension 'colcon_pkg'
[2.335s] Level 1:colcon.colcon_core.package_identification:_identify(inverse-kinematics/log/build_2026-01-09_19-18-52/rover_arm_description) by extensions ['colcon_meta']
[2.335s] Level 1:colcon.colcon_core.package_identification:_identify(inverse-kinematics/log/build_2026-01-09_19-18-52/rover_arm_description) by extension 'colcon_meta'
[2.335s] Level 1:colcon.colcon_core.package_identification:_identify(inverse-kinematics/log/build_2026-01-09_19-18-52/rover_arm_description) by extensions ['ros']
[2.335s] Level 1:colcon.colcon_core.package_identification:_identify(inverse-kinematics/log/build_2026-01-09_19-18-52/rover_arm_description) by extension 'ros'
[2.335s] Level 1:colcon.colcon_core.package_identification:_identify(inverse-kinematics/log/build_2026-01-09_19-18-52/rover_arm_description) by extensions ['cmake', 'python']
[2.335s] Level 1:colcon.colcon_core.package_identification:_identify(inverse-kinematics/log/build_2026-01-09_19-18-52/rover_arm_description) by extension 'cmake'
[2.335s] Level 1:colcon.colcon_core.package_identification:_identify(inverse-kinematics/log/build_2026-01-09_19-18-52/rover_arm_description) by extension 'python'
[2.335s] Level 1:colcon.colcon_core.package_identification:_identify(inverse-kinematics/log/build_2026-01-09_19-18-52/rover_arm_description) by extensions ['python_setup_py']
[2.335s] Level 1:colcon.colcon_core.package_identification:_identify(inverse-kinematics/log/build_2026-01-09_19-18-52/rover_arm_description) by extension 'python_setup_py'
[2.336s] Level 1:colcon.colcon_core.package_identification:_identify(inverse-kinematics/log/build_2026-01-09_19-18-52/rover_arm_moveit_config) by extensions ['ignore', 'ignore_ament_install']
[2.336s] Level 1:colcon.colcon_core.package_identification:_identify(inverse-kinematics/log/build_2026-01-09_19-18-52/rover_arm_moveit_config) by extension 'ignore'
[2.336s] Level 1:colcon.colcon_core.package_identification:_identify(inverse-kinematics/log/build_2026-01-09_19-18-52/rover_arm_moveit_config) by extension 'ignore_ament_install'
[2.337s] Level 1:colcon.colcon_core.package_identification:_identify(inverse-kinematics/log/build_2026-01-09_19-18-52/rover_arm_moveit_config) by extensions ['colcon_pkg']
[2.337s] Level 1:colcon.colcon_core.package_identification:_identify(inverse-kinematics/log/build_2026-01-09_19-18-52/rover_arm_moveit_config) by extension 'colcon_pkg'
[2.337s] Level 1:colcon.colcon_core.package_identification:_identify(inverse-kinematics/log/build_2026-01-09_19-18-52/rover_arm_moveit_config) by extensions ['colcon_meta']
[2.337s] Level 1:colcon.colcon_core.package_identification:_identify(inverse-kinematics/log/build_2026-01-09_19-18-52/rover_arm_moveit_config) by extension 'colcon_meta'
[2.337s] Level 1:colcon.colcon_core.package_identification:_identify(inverse-kinematics/log/build_2026-01-09_19-18-52/rover_arm_moveit_config) by extensions ['ros']
[2.337s] Level 1:colcon.colcon_core.package_identification:_identify(inverse-kinematics/log/build_2026-01-09_19-18-52/rover_arm_moveit_config) by extension 'ros'
[2.337s] Level 1:colcon.colcon_core.package_identification:_identify(inverse-kinematics/log/build_2026-01-09_19-18-52/rover_arm_moveit_config) by extensions ['cmake', 'python']
[2.337s] Level 1:colcon.colcon_core.package_identification:_identify(inverse-kinematics/log/build_2026-01-09_19-18-52/rover_arm_moveit_config) by extension 'cmake'
[2.337s] Level 1:colcon.colcon_core.package_identification:_identify(inverse-kinematics/log/build_2026-01-09_19-18-52/rover_arm_moveit_config) by extension 'python'
[2.337s] Level 1:colcon.colcon_core.package_identification:_identify(inverse-kinematics/log/build_2026-01-09_19-18-52/rover_arm_moveit_config) by extensions ['python_setup_py']
[2.338s] Level 1:colcon.colcon_core.package_identification:_identify(inverse-kinematics/log/build_2026-01-09_19-18-52/rover_arm_moveit_config) by extension 'python_setup_py'
[2.338s] Level 1:colcon.colcon_core.package_identification:_identify(inverse-kinematics/log/build_2026-01-09_19-22-28) by extensions ['ignore', 'ignore_ament_install']
[2.339s] Level 1:colcon.colcon_core.package_identification:_identify(inverse-kinematics/log/build_2026-01-09_19-22-28) by extension 'ignore'
[2.339s] Level 1:colcon.colcon_core.package_identification:_identify(inverse-kinematics/log/build_2026-01-09_19-22-28) by extension 'ignore_ament_install'
[2.339s] Level 1:colcon.colcon_core.package_identification:_identify(inverse-kinematics/log/build_2026-01-09_19-22-28) by extensions ['colcon_pkg']
[2.339s] Level 1:colcon.colcon_core.package_identification:_identify(inverse-kinematics/log/build_2026-01-09_19-22-28) by extension 'colcon_pkg'
[2.339s] Level 1:colcon.colcon_core.package_identification:_identify(inverse-kinematics/log/build_2026-01-09_19-22-28) by extensions ['colcon_meta']
[2.339s] Level 1:colcon.colcon_core.package_identification:_identify(inverse-kinematics/log/build_2026-01-09_19-22-28) by extension 'colcon_meta'
[2.339s] Level 1:colcon.colcon_core.package_identification:_identify(inverse-kinematics/log/build_2026-01-09_19-22-28) by extensions ['ros']
[2.339s] Level 1:colcon.colcon_core.package_identification:_identify(inverse-kinematics/log/build_2026-01-09_19-22-28) by extension 'ros'
[2.340s] Level 1:colcon.colcon_core.package_identification:_identify(inverse-kinematics/log/build_2026-01-09_19-22-28) by extensions ['cmake', 'python']
[2.340s] Level 1:colcon.colcon_core.package_identification:_identify(inverse-kinematics/log/build_2026-01-09_19-22-28) by extension 'cmake'
[2.340s] Level 1:colcon.colcon_core.package_identification:_identify(inverse-kinematics/log/build_2026-01-09_19-22-28) by extension 'python'
[2.340s] Level 1:colcon.colcon_core.package_identification:_identify(inverse-kinematics/log/build_2026-01-09_19-22-28) by extensions ['python_setup_py']
[2.340s] Level 1:colcon.colcon_core.package_identification:_identify(inverse-kinematics/log/build_2026-01-09_19-22-28) by extension 'python_setup_py'
[2.341s] Level 1:colcon.colcon_core.package_identification:_identify(inverse-kinematics/log/build_2026-01-09_19-22-28/rover_arm_bringup) by extensions ['ignore', 'ignore_ament_install']
[2.341s] Level 1:colcon.colcon_core.package_identification:_identify(inverse-kinematics/log/build_2026-01-09_19-22-28/rover_arm_bringup) by extension 'ignore'
[2.342s] Level 1:colcon.colcon_core.package_identification:_identify(inverse-kinematics/log/build_2026-01-09_19-22-28/rover_arm_bringup) by extension 'ignore_ament_install'
[2.342s] Level 1:colcon.colcon_core.package_identification:_identify(inverse-kinematics/log/build_2026-01-09_19-22-28/rover_arm_bringup) by extensions ['colcon_pkg']
[2.342s] Level 1:colcon.colcon_core.package_identification:_identify(inverse-kinematics/log/build_2026-01-09_19-22-28/rover_arm_bringup) by extension 'colcon_pkg'
[2.342s] Level 1:colcon.colcon_core.package_identification:_identify(inverse-kinematics/log/build_2026-01-09_19-22-28/rover_arm_bringup) by extensions ['colcon_meta']
[2.342s] Level 1:colcon.colcon_core.package_identification:_identify(inverse-kinematics/log/build_2026-01-09_19-22-28/rover_arm_bringup) by extension 'colcon_meta'
[2.342s] Level 1:colcon.colcon_core.package_identification:_identify(inverse-kinematics/log/build_2026-01-09_19-22-28/rover_arm_bringup) by extensions ['ros']
[2.342s] Level 1:colcon.colcon_core.package_identification:_identify(inverse-kinematics/log/build_2026-01-09_19-22-28/rover_arm_bringup) by extension 'ros'
[2.342s] Level 1:colcon.colcon_core.package_identification:_identify(inverse-kinematics/log/build_2026-01-09_19-22-28/rover_arm_bringup) by extensions ['cmake', 'python']
[2.342s] Level 1:colcon.colcon_core.package_identification:_identify(inverse-kinematics/log/build_2026-01-09_19-22-28/rover_arm_bringup) by extension 'cmake'
[2.343s] Level 1:colcon.colcon_core.package_identification:_identify(inverse-kinematics/log/build_2026-01-09_19-22-28/rover_arm_bringup) by extension 'python'
[2.343s] Level 1:colcon.colcon_core.package_identification:_identify(inverse-kinematics/log/build_2026-01-09_19-22-28/rover_arm_bringup) by extensions ['python_setup_py']
[2.343s] Level 1:colcon.colcon_core.package_identification:_identify(inverse-kinematics/log/build_2026-01-09_19-22-28/rover_arm_bringup) by extension 'python_setup_py'
[2.344s] Level 1:colcon.colcon_core.package_identification:_identify(inverse-kinematics/log/build_2026-01-09_19-22-28/rover_arm_description) by extensions ['ignore', 'ignore_ament_install']
[2.344s] Level 1:colcon.colcon_core.package_identification:_identify(inverse-kinematics/log/build_2026-01-09_19-22-28/rover_arm_description) by extension 'ignore'
[2.345s] Level 1:colcon.colcon_core.package_identification:_identify(inverse-kinematics/log/build_2026-01-09_19-22-28/rover_arm_description) by extension 'ignore_ament_install'
[2.345s] Level 1:colcon.colcon_core.package_identification:_identify(inverse-kinematics/log/build_2026-01-09_19-22-28/rover_arm_description) by extensions ['colcon_pkg']
[2.345s] Level 1:colcon.colcon_core.package_identification:_identify(inverse-kinematics/log/build_2026-01-09_19-22-28/rover_arm_description) by extension 'colcon_pkg'
[2.345s] Level 1:colcon.colcon_core.package_identification:_identify(inverse-kinematics/log/build_2026-01-09_19-22-28/rover_arm_description) by extensions ['colcon_meta']
[2.345s] Level 1:colcon.colcon_core.package_identification:_identify(inverse-kinematics/log/build_2026-01-09_19-22-28/rover_arm_description) by extension 'colcon_meta'
[2.345s] Level 1:colcon.colcon_core.package_identification:_identify(inverse-kinematics/log/build_2026-01-09_19-22-28/rover_arm_description) by extensions ['ros']
[2.345s] Level 1:colcon.colcon_core.package_identification:_identify(inverse-kinematics/log/build_2026-01-09_19-22-28/rover_arm_description) by extension 'ros'
[2.345s] Level 1:colcon.colcon_core.package_identification:_identify(inverse-kinematics/log/build_2026-01-09_19-22-28/rover_arm_description) by extensions ['cmake', 'python']
[2.345s] Level 1:colcon.colcon_core.package_identification:_identify(inverse-kinematics/log/build_2026-01-09_19-22-28/rover_arm_description) by extension 'cmake'
[2.346s] Level 1:colcon.colcon_core.package_identification:_identify(inverse-kinematics/log/build_2026-01-09_19-22-28/rover_arm_description) by extension 'python'
[2.346s] Level 1:colcon.colcon_core.package_identification:_identify(inverse-kinematics/log/build_2026-01-09_19-22-28/rover_arm_description) by extensions ['python_setup_py']
[2.346s] Level 1:colcon.colcon_core.package_identification:_identify(inverse-kinematics/log/build_2026-01-09_19-22-28/rover_arm_description) by extension 'python_setup_py'
[2.347s] Level 1:colcon.colcon_core.package_identification:_identify(inverse-kinematics/log/build_2026-01-09_19-22-28/rover_arm_moveit_config) by extensions ['ignore', 'ignore_ament_install']
[2.347s] Level 1:colcon.colcon_core.package_identification:_identify(inverse-kinematics/log/build_2026-01-09_19-22-28/rover_arm_moveit_config) by extension 'ignore'
[2.347s] Level 1:colcon.colcon_core.package_identification:_identify(inverse-kinematics/log/build_2026-01-09_19-22-28/rover_arm_moveit_config) by extension 'ignore_ament_install'
[2.347s] Level 1:colcon.colcon_core.package_identification:_identify(inverse-kinematics/log/build_2026-01-09_19-22-28/rover_arm_moveit_config) by extensions ['colcon_pkg']
[2.347s] Level 1:colcon.colcon_core.package_identification:_identify(inverse-kinematics/log/build_2026-01-09_19-22-28/rover_arm_moveit_config) by extension 'colcon_pkg'
[2.347s] Level 1:colcon.colcon_core.package_identification:_identify(inverse-kinematics/log/build_2026-01-09_19-22-28/rover_arm_moveit_config) by extensions ['colcon_meta']
[2.347s] Level 1:colcon.colcon_core.package_identification:_identify(inverse-kinematics/log/build_2026-01-09_19-22-28/rover_arm_moveit_config) by extension 'colcon_meta'
[2.348s] Level 1:colcon.colcon_core.package_identification:_identify(inverse-kinematics/log/build_2026-01-09_19-22-28/rover_arm_moveit_config) by extensions ['ros']
[2.348s] Level 1:colcon.colcon_core.package_identification:_identify(inverse-kinematics/log/build_2026-01-09_19-22-28/rover_arm_moveit_config) by extension 'ros'
[2.348s] Level 1:colcon.colcon_core.package_identification:_identify(inverse-kinematics/log/build_2026-01-09_19-22-28/rover_arm_moveit_config) by extensions ['cmake', 'python']
[2.348s] Level 1:colcon.colcon_core.package_identification:_identify(inverse-kinematics/log/build_2026-01-09_19-22-28/rover_arm_moveit_config) by extension 'cmake'
[2.348s] Level 1:colcon.colcon_core.package_identification:_identify(inverse-kinematics/log/build_2026-01-09_19-22-28/rover_arm_moveit_config) by extension 'python'
[2.348s] Level 1:colcon.colcon_core.package_identification:_identify(inverse-kinematics/log/build_2026-01-09_19-22-28/rover_arm_moveit_config) by extensions ['python_setup_py']
[2.348s] Level 1:colcon.colcon_core.package_identification:_identify(inverse-kinematics/log/build_2026-01-09_19-22-28/rover_arm_moveit_config) by extension 'python_setup_py'
[2.349s] Level 1:colcon.colcon_core.package_identification:_identify(inverse-kinematics/log/build_2026-01-09_19-40-57) by extensions ['ignore', 'ignore_ament_install']
[2.349s] Level 1:colcon.colcon_core.package_identification:_identify(inverse-kinematics/log/build_2026-01-09_19-40-57) by extension 'ignore'
[2.349s] Level 1:colcon.colcon_core.package_identification:_identify(inverse-kinematics/log/build_2026-01-09_19-40-57) by extension 'ignore_ament_install'
[2.350s] Level 1:colcon.colcon_core.package_identification:_identify(inverse-kinematics/log/build_2026-01-09_19-40-57) by extensions ['colcon_pkg']
[2.350s] Level 1:colcon.colcon_core.package_identification:_identify(inverse-kinematics/log/build_2026-01-09_19-40-57) by extension 'colcon_pkg'
[2.350s] Level 1:colcon.colcon_core.package_identification:_identify(inverse-kinematics/log/build_2026-01-09_19-40-57) by extensions ['colcon_meta']
[2.350s] Level 1:colcon.colcon_core.package_identification:_identify(inverse-kinematics/log/build_2026-01-09_19-40-57) by extension 'colcon_meta'
[2.350s] Level 1:colcon.colcon_core.package_identification:_identify(inverse-kinematics/log/build_2026-01-09_19-40-57) by extensions ['ros']
[2.350s] Level 1:colcon.colcon_core.package_identification:_identify(inverse-kinematics/log/build_2026-01-09_19-40-57) by extension 'ros'
[2.350s] Level 1:colcon.colcon_core.package_identification:_identify(inverse-kinematics/log/build_2026-01-09_19-40-57) by extensions ['cmake', 'python']
[2.350s] Level 1:colcon.colcon_core.package_identification:_identify(inverse-kinematics/log/build_2026-01-09_19-40-57) by extension 'cmake'
[2.350s] Level 1:colcon.colcon_core.package_identification:_identify(inverse-kinematics/log/build_2026-01-09_19-40-57) by extension 'python'
[2.350s] Level 1:colcon.colcon_core.package_identification:_identify(inverse-kinematics/log/build_2026-01-09_19-40-57) by extensions ['python_setup_py']
[2.351s] Level 1:colcon.colcon_core.package_identification:_identify(inverse-kinematics/log/build_2026-01-09_19-40-57) by extension 'python_setup_py'
[2.351s] Level 1:colcon.colcon_core.package_identification:_identify(inverse-kinematics/log/build_2026-01-09_19-40-57/rover_arm_bringup) by extensions ['ignore', 'ignore_ament_install']
[2.352s] Level 1:colcon.colcon_core.package_identification:_identify(inverse-kinematics/log/build_2026-01-09_19-40-57/rover_arm_bringup) by extension 'ignore'
[2.352s] Level 1:colcon.colcon_core.package_identification:_identify(inverse-kinematics/log/build_2026-01-09_19-40-57/rover_arm_bringup) by extension 'ignore_ament_install'
[2.352s] Level 1:colcon.colcon_core.package_identification:_identify(inverse-kinematics/log/build_2026-01-09_19-40-57/rover_arm_bringup) by extensions ['colcon_pkg']
[2.352s] Level 1:colcon.colcon_core.package_identification:_identify(inverse-kinematics/log/build_2026-01-09_19-40-57/rover_arm_bringup) by extension 'colcon_pkg'
[2.352s] Level 1:colcon.colcon_core.package_identification:_identify(inverse-kinematics/log/build_2026-01-09_19-40-57/rover_arm_bringup) by extensions ['colcon_meta']
[2.352s] Level 1:colcon.colcon_core.package_identification:_identify(inverse-kinematics/log/build_2026-01-09_19-40-57/rover_arm_bringup) by extension 'colcon_meta'
[2.352s] Level 1:colcon.colcon_core.package_identification:_identify(inverse-kinematics/log/build_2026-01-09_19-40-57/rover_arm_bringup) by extensions ['ros']
[2.352s] Level 1:colcon.colcon_core.package_identification:_identify(inverse-kinematics/log/build_2026-01-09_19-40-57/rover_arm_bringup) by extension 'ros'
[2.353s] Level 1:colcon.colcon_core.package_identification:_identify(inverse-kinematics/log/build_2026-01-09_19-40-57/rover_arm_bringup) by extensions ['cmake', 'python']
[2.353s] Level 1:colcon.colcon_core.package_identification:_identify(inverse-kinematics/log/build_2026-01-09_19-40-57/rover_arm_bringup) by extension 'cmake'
[2.353s] Level 1:colcon.colcon_core.package_identification:_identify(inverse-kinematics/log/build_2026-01-09_19-40-57/rover_arm_bringup) by extension 'python'
[2.353s] Level 1:colcon.colcon_core.package_identification:_identify(inverse-kinematics/log/build_2026-01-09_19-40-57/rover_arm_bringup) by extensions ['python_setup_py']
[2.353s] Level 1:colcon.colcon_core.package_identification:_identify(inverse-kinematics/log/build_2026-01-09_19-40-57/rover_arm_bringup) by extension 'python_setup_py'
[2.354s] Level 1:colcon.colcon_core.package_identification:_identify(inverse-kinematics/log/build_2026-01-09_19-40-57/rover_arm_description) by extensions ['ignore', 'ignore_ament_install']
[2.354s] Level 1:colcon.colcon_core.package_identification:_identify(inverse-kinematics/log/build_2026-01-09_19-40-57/rover_arm_description) by extension 'ignore'
[2.354s] Level 1:colcon.colcon_core.package_identification:_identify(inverse-kinematics/log/build_2026-01-09_19-40-57/rover_arm_description) by extension 'ignore_ament_install'
[2.355s] Level 1:colcon.colcon_core.package_identification:_identify(inverse-kinematics/log/build_2026-01-09_19-40-57/rover_arm_description) by extensions ['colcon_pkg']
[2.355s] Level 1:colcon.colcon_core.package_identification:_identify(inverse-kinematics/log/build_2026-01-09_19-40-57/rover_arm_description) by extension 'colcon_pkg'
[2.355s] Level 1:colcon.colcon_core.package_identification:_identify(inverse-kinematics/log/build_2026-01-09_19-40-57/rover_arm_description) by extensions ['colcon_meta']
[2.355s] Level 1:colcon.colcon_core.package_identification:_identify(inverse-kinematics/log/build_2026-01-09_19-40-57/rover_arm_description) by extension 'colcon_meta'
[2.355s] Level 1:colcon.colcon_core.package_identification:_identify(inverse-kinematics/log/build_2026-01-09_19-40-57/rover_arm_description) by extensions ['ros']
[2.355s] Level 1:colcon.colcon_core.package_identification:_identify(inverse-kinematics/log/build_2026-01-09_19-40-57/rover_arm_description) by extension 'ros'
[2.355s] Level 1:colcon.colcon_core.package_identification:_identify(inverse-kinematics/log/build_2026-01-09_19-40-57/rover_arm_description) by extensions ['cmake', 'python']
[2.355s] Level 1:colcon.colcon_core.package_identification:_identify(inverse-kinematics/log/build_2026-01-09_19-40-57/rover_arm_description) by extension 'cmake'
[2.355s] Level 1:colcon.colcon_core.package_identification:_identify(inverse-kinematics/log/build_2026-01-09_19-40-57/rover_arm_description) by extension 'python'
[2.355s] Level 1:colcon.colcon_core.package_identification:_identify(inverse-kinematics/log/build_2026-01-09_19-40-57/rover_arm_description) by extensions ['python_setup_py']
[2.356s] Level 1:colcon.colcon_core.package_identification:_identify(inverse-kinematics/log/build_2026-01-09_19-40-57/rover_arm_description) by extension 'python_setup_py'
[2.356s] Level 1:colcon.colcon_core.package_identification:_identify(inverse-kinematics/log/build_2026-01-09_19-40-57/rover_arm_moveit_config) by extensions ['ignore', 'ignore_ament_install']
[2.357s] Level 1:colcon.colcon_core.package_identification:_identify(inverse-kinematics/log/build_2026-01-09_19-40-57/rover_arm_moveit_config) by extension 'ignore'
[2.357s] Level 1:colcon.colcon_core.package_identification:_identify(inverse-kinematics/log/build_2026-01-09_19-40-57/rover_arm_moveit_config) by extension 'ignore_ament_install'
[2.357s] Level 1:colcon.colcon_core.package_identification:_identify(inverse-kinematics/log/build_2026-01-09_19-40-57/rover_arm_moveit_config) by extensions ['colcon_pkg']
[2.357s] Level 1:colcon.colcon_core.package_identification:_identify(inverse-kinematics/log/build_2026-01-09_19-40-57/rover_arm_moveit_config) by extension 'colcon_pkg'
[2.357s] Level 1:colcon.colcon_core.package_identification:_identify(inverse-kinematics/log/build_2026-01-09_19-40-57/rover_arm_moveit_config) by extensions ['colcon_meta']
[2.357s] Level 1:colcon.colcon_core.package_identification:_identify(inverse-kinematics/log/build_2026-01-09_19-40-57/rover_arm_moveit_config) by extension 'colcon_meta'
[2.357s] Level 1:colcon.colcon_core.package_identification:_identify(inverse-kinematics/log/build_2026-01-09_19-40-57/rover_arm_moveit_config) by extensions ['ros']
[2.357s] Level 1:colcon.colcon_core.package_identification:_identify(inverse-kinematics/log/build_2026-01-09_19-40-57/rover_arm_moveit_config) by extension 'ros'
[2.357s] Level 1:colcon.colcon_core.package_identification:_identify(inverse-kinematics/log/build_2026-01-09_19-40-57/rover_arm_moveit_config) by extensions ['cmake', 'python']
[2.357s] Level 1:colcon.colcon_core.package_identification:_identify(inverse-kinematics/log/build_2026-01-09_19-40-57/rover_arm_moveit_config) by extension 'cmake'
[2.358s] Level 1:colcon.colcon_core.package_identification:_identify(inverse-kinematics/log/build_2026-01-09_19-40-57/rover_arm_moveit_config) by extension 'python'
[2.358s] Level 1:colcon.colcon_core.package_identification:_identify(inverse-kinematics/log/build_2026-01-09_19-40-57/rover_arm_moveit_config) by extensions ['python_setup_py']
[2.358s] Level 1:colcon.colcon_core.package_identification:_identify(inverse-kinematics/log/build_2026-01-09_19-40-57/rover_arm_moveit_config) by extension 'python_setup_py'
[2.359s] Level 1:colcon.colcon_core.package_identification:_identify(inverse-kinematics/log/build_2026-01-09_19-42-55) by extensions ['ignore', 'ignore_ament_install']
[2.359s] Level 1:colcon.colcon_core.package_identification:_identify(inverse-kinematics/log/build_2026-01-09_19-42-55) by extension 'ignore'
[2.359s] Level 1:colcon.colcon_core.package_identification:_identify(inverse-kinematics/log/build_2026-01-09_19-42-55) by extension 'ignore_ament_install'
[2.359s] Level 1:colcon.colcon_core.package_identification:_identify(inverse-kinematics/log/build_2026-01-09_19-42-55) by extensions ['colcon_pkg']
[2.359s] Level 1:colcon.colcon_core.package_identification:_identify(inverse-kinematics/log/build_2026-01-09_19-42-55) by extension 'colcon_pkg'
[2.359s] Level 1:colcon.colcon_core.package_identification:_identify(inverse-kinematics/log/build_2026-01-09_19-42-55) by extensions ['colcon_meta']
[2.359s] Level 1:colcon.colcon_core.package_identification:_identify(inverse-kinematics/log/build_2026-01-09_19-42-55) by extension 'colcon_meta'
[2.360s] Level 1:colcon.colcon_core.package_identification:_identify(inverse-kinematics/log/build_2026-01-09_19-42-55) by extensions ['ros']
[2.360s] Level 1:colcon.colcon_core.package_identification:_identify(inverse-kinematics/log/build_2026-01-09_19-42-55) by extension 'ros'
[2.360s] Level 1:colcon.colcon_core.package_identification:_identify(inverse-kinematics/log/build_2026-01-09_19-42-55) by extensions ['cmake', 'python']
[2.360s] Level 1:colcon.colcon_core.package_identification:_identify(inverse-kinematics/log/build_2026-01-09_19-42-55) by extension 'cmake'
[2.360s] Level 1:colcon.colcon_core.package_identification:_identify(inverse-kinematics/log/build_2026-01-09_19-42-55) by extension 'python'
[2.360s] Level 1:colcon.colcon_core.package_identification:_identify(inverse-kinematics/log/build_2026-01-09_19-42-55) by extensions ['python_setup_py']
[2.360s] Level 1:colcon.colcon_core.package_identification:_identify(inverse-kinematics/log/build_2026-01-09_19-42-55) by extension 'python_setup_py'
[2.361s] Level 1:colcon.colcon_core.package_identification:_identify(inverse-kinematics/log/build_2026-01-09_19-42-55/rover_arm_bringup) by extensions ['ignore', 'ignore_ament_install']
[2.361s] Level 1:colcon.colcon_core.package_identification:_identify(inverse-kinematics/log/build_2026-01-09_19-42-55/rover_arm_bringup) by extension 'ignore'
[2.362s] Level 1:colcon.colcon_core.package_identification:_identify(inverse-kinematics/log/build_2026-01-09_19-42-55/rover_arm_bringup) by extension 'ignore_ament_install'
[2.362s] Level 1:colcon.colcon_core.package_identification:_identify(inverse-kinematics/log/build_2026-01-09_19-42-55/rover_arm_bringup) by extensions ['colcon_pkg']
[2.362s] Level 1:colcon.colcon_core.package_identification:_identify(inverse-kinematics/log/build_2026-01-09_19-42-55/rover_arm_bringup) by extension 'colcon_pkg'
[2.362s] Level 1:colcon.colcon_core.package_identification:_identify(inverse-kinematics/log/build_2026-01-09_19-42-55/rover_arm_bringup) by extensions ['colcon_meta']
[2.362s] Level 1:colcon.colcon_core.package_identification:_identify(inverse-kinematics/log/build_2026-01-09_19-42-55/rover_arm_bringup) by extension 'colcon_meta'
[2.363s] Level 1:colcon.colcon_core.package_identification:_identify(inverse-kinematics/log/build_2026-01-09_19-42-55/rover_arm_bringup) by extensions ['ros']
[2.363s] Level 1:colcon.colcon_core.package_identification:_identify(inverse-kinematics/log/build_2026-01-09_19-42-55/rover_arm_bringup) by extension 'ros'
[2.363s] Level 1:colcon.colcon_core.package_identification:_identify(inverse-kinematics/log/build_2026-01-09_19-42-55/rover_arm_bringup) by extensions ['cmake', 'python']
[2.363s] Level 1:colcon.colcon_core.package_identification:_identify(inverse-kinematics/log/build_2026-01-09_19-42-55/rover_arm_bringup) by extension 'cmake'
[2.363s] Level 1:colcon.colcon_core.package_identification:_identify(inverse-kinematics/log/build_2026-01-09_19-42-55/rover_arm_bringup) by extension 'python'
[2.363s] Level 1:colcon.colcon_core.package_identification:_identify(inverse-kinematics/log/build_2026-01-09_19-42-55/rover_arm_bringup) by extensions ['python_setup_py']
[2.363s] Level 1:colcon.colcon_core.package_identification:_identify(inverse-kinematics/log/build_2026-01-09_19-42-55/rover_arm_bringup) by extension 'python_setup_py'
[2.364s] Level 1:colcon.colcon_core.package_identification:_identify(inverse-kinematics/log/build_2026-01-09_19-42-55/rover_arm_description) by extensions ['ignore', 'ignore_ament_install']
[2.365s] Level 1:colcon.colcon_core.package_identification:_identify(inverse-kinematics/log/build_2026-01-09_19-42-55/rover_arm_description) by extension 'ignore'
[2.365s] Level 1:colcon.colcon_core.package_identification:_identify(inverse-kinematics/log/build_2026-01-09_19-42-55/rover_arm_description) by extension 'ignore_ament_install'
[2.365s] Level 1:colcon.colcon_core.package_identification:_identify(inverse-kinematics/log/build_2026-01-09_19-42-55/rover_arm_description) by extensions ['colcon_pkg']
[2.365s] Level 1:colcon.colcon_core.package_identification:_identify(inverse-kinematics/log/build_2026-01-09_19-42-55/rover_arm_description) by extension 'colcon_pkg'
[2.365s] Level 1:colcon.colcon_core.package_identification:_identify(inverse-kinematics/log/build_2026-01-09_19-42-55/rover_arm_description) by extensions ['colcon_meta']
[2.365s] Level 1:colcon.colcon_core.package_identification:_identify(inverse-kinematics/log/build_2026-01-09_19-42-55/rover_arm_description) by extension 'colcon_meta'
[2.365s] Level 1:colcon.colcon_core.package_identification:_identify(inverse-kinematics/log/build_2026-01-09_19-42-55/rover_arm_description) by extensions ['ros']
[2.366s] Level 1:colcon.colcon_core.package_identification:_identify(inverse-kinematics/log/build_2026-01-09_19-42-55/rover_arm_description) by extension 'ros'
[2.366s] Level 1:colcon.colcon_core.package_identification:_identify(inverse-kinematics/log/build_2026-01-09_19-42-55/rover_arm_description) by extensions ['cmake', 'python']
[2.366s] Level 1:colcon.colcon_core.package_identification:_identify(inverse-kinematics/log/build_2026-01-09_19-42-55/rover_arm_description) by extension 'cmake'
[2.366s] Level 1:colcon.colcon_core.package_identification:_identify(inverse-kinematics/log/build_2026-01-09_19-42-55/rover_arm_description) by extension 'python'
[2.366s] Level 1:colcon.colcon_core.package_identification:_identify(inverse-kinematics/log/build_2026-01-09_19-42-55/rover_arm_description) by extensions ['python_setup_py']
[2.366s] Level 1:colcon.colcon_core.package_identification:_identify(inverse-kinematics/log/build_2026-01-09_19-42-55/rover_arm_description) by extension 'python_setup_py'
[2.367s] Level 1:colcon.colcon_core.package_identification:_identify(inverse-kinematics/log/build_2026-01-09_19-42-55/rover_arm_moveit_config) by extensions ['ignore', 'ignore_ament_install']
[2.367s] Level 1:colcon.colcon_core.package_identification:_identify(inverse-kinematics/log/build_2026-01-09_19-42-55/rover_arm_moveit_config) by extension 'ignore'
[2.367s] Level 1:colcon.colcon_core.package_identification:_identify(inverse-kinematics/log/build_2026-01-09_19-42-55/rover_arm_moveit_config) by extension 'ignore_ament_install'
[2.368s] Level 1:colcon.colcon_core.package_identification:_identify(inverse-kinematics/log/build_2026-01-09_19-42-55/rover_arm_moveit_config) by extensions ['colcon_pkg']
[2.368s] Level 1:colcon.colcon_core.package_identification:_identify(inverse-kinematics/log/build_2026-01-09_19-42-55/rover_arm_moveit_config) by extension 'colcon_pkg'
[2.368s] Level 1:colcon.colcon_core.package_identification:_identify(inverse-kinematics/log/build_2026-01-09_19-42-55/rover_arm_moveit_config) by extensions ['colcon_meta']
[2.368s] Level 1:colcon.colcon_core.package_identification:_identify(inverse-kinematics/log/build_2026-01-09_19-42-55/rover_arm_moveit_config) by extension 'colcon_meta'
[2.368s] Level 1:colcon.colcon_core.package_identification:_identify(inverse-kinematics/log/build_2026-01-09_19-42-55/rover_arm_moveit_config) by extensions ['ros']
[2.368s] Level 1:colcon.colcon_core.package_identification:_identify(inverse-kinematics/log/build_2026-01-09_19-42-55/rover_arm_moveit_config) by extension 'ros'
[2.369s] Level 1:colcon.colcon_core.package_identification:_identify(inverse-kinematics/log/build_2026-01-09_19-42-55/rover_arm_moveit_config) by extensions ['cmake', 'python']
[2.369s] Level 1:colcon.colcon_core.package_identification:_identify(inverse-kinematics/log/build_2026-01-09_19-42-55/rover_arm_moveit_config) by extension 'cmake'
[2.369s] Level 1:colcon.colcon_core.package_identification:_identify(inverse-kinematics/log/build_2026-01-09_19-42-55/rover_arm_moveit_config) by extension 'python'
[2.369s] Level 1:colcon.colcon_core.package_identification:_identify(inverse-kinematics/log/build_2026-01-09_19-42-55/rover_arm_moveit_config) by extensions ['python_setup_py']
[2.369s] Level 1:colcon.colcon_core.package_identification:_identify(inverse-kinematics/log/build_2026-01-09_19-42-55/rover_arm_moveit_config) by extension 'python_setup_py'
[2.370s] Level 1:colcon.colcon_core.package_identification:_identify(inverse-kinematics/log/build_2026-01-09_19-44-52) by extensions ['ignore', 'ignore_ament_install']
[2.370s] Level 1:colcon.colcon_core.package_identification:_identify(inverse-kinematics/log/build_2026-01-09_19-44-52) by extension 'ignore'
[2.370s] Level 1:colcon.colcon_core.package_identification:_identify(inverse-kinematics/log/build_2026-01-09_19-44-52) by extension 'ignore_ament_install'
[2.370s] Level 1:colcon.colcon_core.package_identification:_identify(inverse-kinematics/log/build_2026-01-09_19-44-52) by extensions ['colcon_pkg']
[2.370s] Level 1:colcon.colcon_core.package_identification:_identify(inverse-kinematics/log/build_2026-01-09_19-44-52) by extension 'colcon_pkg'
[2.370s] Level 1:colcon.colcon_core.package_identification:_identify(inverse-kinematics/log/build_2026-01-09_19-44-52) by extensions ['colcon_meta']
[2.370s] Level 1:colcon.colcon_core.package_identification:_identify(inverse-kinematics/log/build_2026-01-09_19-44-52) by extension 'colcon_meta'
[2.371s] Level 1:colcon.colcon_core.package_identification:_identify(inverse-kinematics/log/build_2026-01-09_19-44-52) by extensions ['ros']
[2.371s] Level 1:colcon.colcon_core.package_identification:_identify(inverse-kinematics/log/build_2026-01-09_19-44-52) by extension 'ros'
[2.371s] Level 1:colcon.colcon_core.package_identification:_identify(inverse-kinematics/log/build_2026-01-09_19-44-52) by extensions ['cmake', 'python']
[2.371s] Level 1:colcon.colcon_core.package_identification:_identify(inverse-kinematics/log/build_2026-01-09_19-44-52) by extension 'cmake'
[2.371s] Level 1:colcon.colcon_core.package_identification:_identify(inverse-kinematics/log/build_2026-01-09_19-44-52) by extension 'python'
[2.371s] Level 1:colcon.colcon_core.package_identification:_identify(inverse-kinematics/log/build_2026-01-09_19-44-52) by extensions ['python_setup_py']
[2.371s] Level 1:colcon.colcon_core.package_identification:_identify(inverse-kinematics/log/build_2026-01-09_19-44-52) by extension 'python_setup_py'
[2.372s] Level 1:colcon.colcon_core.package_identification:_identify(inverse-kinematics/log/build_2026-01-09_19-44-52/rover_arm_bringup) by extensions ['ignore', 'ignore_ament_install']
[2.372s] Level 1:colcon.colcon_core.package_identification:_identify(inverse-kinematics/log/build_2026-01-09_19-44-52/rover_arm_bringup) by extension 'ignore'
[2.372s] Level 1:colcon.colcon_core.package_identification:_identify(inverse-kinematics/log/build_2026-01-09_19-44-52/rover_arm_bringup) by extension 'ignore_ament_install'
[2.372s] Level 1:colcon.colcon_core.package_identification:_identify(inverse-kinematics/log/build_2026-01-09_19-44-52/rover_arm_bringup) by extensions ['colcon_pkg']
[2.373s] Level 1:colcon.colcon_core.package_identification:_identify(inverse-kinematics/log/build_2026-01-09_19-44-52/rover_arm_bringup) by extension 'colcon_pkg'
[2.373s] Level 1:colcon.colcon_core.package_identification:_identify(inverse-kinematics/log/build_2026-01-09_19-44-52/rover_arm_bringup) by extensions ['colcon_meta']
[2.373s] Level 1:colcon.colcon_core.package_identification:_identify(inverse-kinematics/log/build_2026-01-09_19-44-52/rover_arm_bringup) by extension 'colcon_meta'
[2.373s] Level 1:colcon.colcon_core.package_identification:_identify(inverse-kinematics/log/build_2026-01-09_19-44-52/rover_arm_bringup) by extensions ['ros']
[2.373s] Level 1:colcon.colcon_core.package_identification:_identify(inverse-kinematics/log/build_2026-01-09_19-44-52/rover_arm_bringup) by extension 'ros'
[2.373s] Level 1:colcon.colcon_core.package_identification:_identify(inverse-kinematics/log/build_2026-01-09_19-44-52/rover_arm_bringup) by extensions ['cmake', 'python']
[2.373s] Level 1:colcon.colcon_core.package_identification:_identify(inverse-kinematics/log/build_2026-01-09_19-44-52/rover_arm_bringup) by extension 'cmake'
[2.373s] Level 1:colcon.colcon_core.package_identification:_identify(inverse-kinematics/log/build_2026-01-09_19-44-52/rover_arm_bringup) by extension 'python'
[2.373s] Level 1:colcon.colcon_core.package_identification:_identify(inverse-kinematics/log/build_2026-01-09_19-44-52/rover_arm_bringup) by extensions ['python_setup_py']
[2.373s] Level 1:colcon.colcon_core.package_identification:_identify(inverse-kinematics/log/build_2026-01-09_19-44-52/rover_arm_bringup) by extension 'python_setup_py'
[2.374s] Level 1:colcon.colcon_core.package_identification:_identify(inverse-kinematics/log/build_2026-01-09_19-44-52/rover_arm_description) by extensions ['ignore', 'ignore_ament_install']
[2.374s] Level 1:colcon.colcon_core.package_identification:_identify(inverse-kinematics/log/build_2026-01-09_19-44-52/rover_arm_description) by extension 'ignore'
[2.374s] Level 1:colcon.colcon_core.package_identification:_identify(inverse-kinematics/log/build_2026-01-09_19-44-52/rover_arm_description) by extension 'ignore_ament_install'
[2.374s] Level 1:colcon.colcon_core.package_identification:_identify(inverse-kinematics/log/build_2026-01-09_19-44-52/rover_arm_description) by extensions ['colcon_pkg']
[2.374s] Level 1:colcon.colcon_core.package_identification:_identify(inverse-kinematics/log/build_2026-01-09_19-44-52/rover_arm_description) by extension 'colcon_pkg'
[2.374s] Level 1:colcon.colcon_core.package_identification:_identify(inverse-kinematics/log/build_2026-01-09_19-44-52/rover_arm_description) by extensions ['colcon_meta']
[2.374s] Level 1:colcon.colcon_core.package_identification:_identify(inverse-kinematics/log/build_2026-01-09_19-44-52/rover_arm_description) by extension 'colcon_meta'
[2.374s] Level 1:colcon.colcon_core.package_identification:_identify(inverse-kinematics/log/build_2026-01-09_19-44-52/rover_arm_description) by extensions ['ros']
[2.375s] Level 1:colcon.colcon_core.package_identification:_identify(inverse-kinematics/log/build_2026-01-09_19-44-52/rover_arm_description) by extension 'ros'
[2.375s] Level 1:colcon.colcon_core.package_identification:_identify(inverse-kinematics/log/build_2026-01-09_19-44-52/rover_arm_description) by extensions ['cmake', 'python']
[2.375s] Level 1:colcon.colcon_core.package_identification:_identify(inverse-kinematics/log/build_2026-01-09_19-44-52/rover_arm_description) by extension 'cmake'
[2.375s] Level 1:colcon.colcon_core.package_identification:_identify(inverse-kinematics/log/build_2026-01-09_19-44-52/rover_arm_description) by extension 'python'
[2.375s] Level 1:colcon.colcon_core.package_identification:_identify(inverse-kinematics/log/build_2026-01-09_19-44-52/rover_arm_description) by extensions ['python_setup_py']
[2.375s] Level 1:colcon.colcon_core.package_identification:_identify(inverse-kinematics/log/build_2026-01-09_19-44-52/rover_arm_description) by extension 'python_setup_py'
[2.376s] Level 1:colcon.colcon_core.package_identification:_identify(inverse-kinematics/log/build_2026-01-09_19-44-52/rover_arm_moveit_config) by extensions ['ignore', 'ignore_ament_install']
[2.376s] Level 1:colcon.colcon_core.package_identification:_identify(inverse-kinematics/log/build_2026-01-09_19-44-52/rover_arm_moveit_config) by extension 'ignore'
[2.376s] Level 1:colcon.colcon_core.package_identification:_identify(inverse-kinematics/log/build_2026-01-09_19-44-52/rover_arm_moveit_config) by extension 'ignore_ament_install'
[2.376s] Level 1:colcon.colcon_core.package_identification:_identify(inverse-kinematics/log/build_2026-01-09_19-44-52/rover_arm_moveit_config) by extensions ['colcon_pkg']
[2.377s] Level 1:colcon.colcon_core.package_identification:_identify(inverse-kinematics/log/build_2026-01-09_19-44-52/rover_arm_moveit_config) by extension 'colcon_pkg'
[2.377s] Level 1:colcon.colcon_core.package_identification:_identify(inverse-kinematics/log/build_2026-01-09_19-44-52/rover_arm_moveit_config) by extensions ['colcon_meta']
[2.377s] Level 1:colcon.colcon_core.package_identification:_identify(inverse-kinematics/log/build_2026-01-09_19-44-52/rover_arm_moveit_config) by extension 'colcon_meta'
[2.377s] Level 1:colcon.colcon_core.package_identification:_identify(inverse-kinematics/log/build_2026-01-09_19-44-52/rover_arm_moveit_config) by extensions ['ros']
[2.377s] Level 1:colcon.colcon_core.package_identification:_identify(inverse-kinematics/log/build_2026-01-09_19-44-52/rover_arm_moveit_config) by extension 'ros'
[2.377s] Level 1:colcon.colcon_core.package_identification:_identify(inverse-kinematics/log/build_2026-01-09_19-44-52/rover_arm_moveit_config) by extensions ['cmake', 'python']
[2.377s] Level 1:colcon.colcon_core.package_identification:_identify(inverse-kinematics/log/build_2026-01-09_19-44-52/rover_arm_moveit_config) by extension 'cmake'
[2.377s] Level 1:colcon.colcon_core.package_identification:_identify(inverse-kinematics/log/build_2026-01-09_19-44-52/rover_arm_moveit_config) by extension 'python'
[2.378s] Level 1:colcon.colcon_core.package_identification:_identify(inverse-kinematics/log/build_2026-01-09_19-44-52/rover_arm_moveit_config) by extensions ['python_setup_py']
[2.378s] Level 1:colcon.colcon_core.package_identification:_identify(inverse-kinematics/log/build_2026-01-09_19-44-52/rover_arm_moveit_config) by extension 'python_setup_py'
[2.378s] Level 1:colcon.colcon_core.package_identification:_identify(inverse-kinematics/log/build_2026-01-10_13-39-28) by extensions ['ignore', 'ignore_ament_install']
[2.379s] Level 1:colcon.colcon_core.package_identification:_identify(inverse-kinematics/log/build_2026-01-10_13-39-28) by extension 'ignore'
[2.379s] Level 1:colcon.colcon_core.package_identification:_identify(inverse-kinematics/log/build_2026-01-10_13-39-28) by extension 'ignore_ament_install'
[2.379s] Level 1:colcon.colcon_core.package_identification:_identify(inverse-kinematics/log/build_2026-01-10_13-39-28) by extensions ['colcon_pkg']
[2.379s] Level 1:colcon.colcon_core.package_identification:_identify(inverse-kinematics/log/build_2026-01-10_13-39-28) by extension 'colcon_pkg'
[2.379s] Level 1:colcon.colcon_core.package_identification:_identify(inverse-kinematics/log/build_2026-01-10_13-39-28) by extensions ['colcon_meta']
[2.380s] Level 1:colcon.colcon_core.package_identification:_identify(inverse-kinematics/log/build_2026-01-10_13-39-28) by extension 'colcon_meta'
[2.380s] Level 1:colcon.colcon_core.package_identification:_identify(inverse-kinematics/log/build_2026-01-10_13-39-28) by extensions ['ros']
[2.380s] Level 1:colcon.colcon_core.package_identification:_identify(inverse-kinematics/log/build_2026-01-10_13-39-28) by extension 'ros'
[2.380s] Level 1:colcon.colcon_core.package_identification:_identify(inverse-kinematics/log/build_2026-01-10_13-39-28) by extensions ['cmake', 'python']
[2.380s] Level 1:colcon.colcon_core.package_identification:_identify(inverse-kinematics/log/build_2026-01-10_13-39-28) by extension 'cmake'
[2.380s] Level 1:colcon.colcon_core.package_identification:_identify(inverse-kinematics/log/build_2026-01-10_13-39-28) by extension 'python'
[2.380s] Level 1:colcon.colcon_core.package_identification:_identify(inverse-kinematics/log/build_2026-01-10_13-39-28) by extensions ['python_setup_py']
[2.380s] Level 1:colcon.colcon_core.package_identification:_identify(inverse-kinematics/log/build_2026-01-10_13-39-28) by extension 'python_setup_py'
[2.381s] Level 1:colcon.colcon_core.package_identification:_identify(inverse-kinematics/log/build_2026-01-10_13-39-28/rover_arm_bringup) by extensions ['ignore', 'ignore_ament_install']
[2.381s] Level 1:colcon.colcon_core.package_identification:_identify(inverse-kinematics/log/build_2026-01-10_13-39-28/rover_arm_bringup) by extension 'ignore'
[2.382s] Level 1:colcon.colcon_core.package_identification:_identify(inverse-kinematics/log/build_2026-01-10_13-39-28/rover_arm_bringup) by extension 'ignore_ament_install'
[2.382s] Level 1:colcon.colcon_core.package_identification:_identify(inverse-kinematics/log/build_2026-01-10_13-39-28/rover_arm_bringup) by extensions ['colcon_pkg']
[2.382s] Level 1:colcon.colcon_core.package_identification:_identify(inverse-kinematics/log/build_2026-01-10_13-39-28/rover_arm_bringup) by extension 'colcon_pkg'
[2.382s] Level 1:colcon.colcon_core.package_identification:_identify(inverse-kinematics/log/build_2026-01-10_13-39-28/rover_arm_bringup) by extensions ['colcon_meta']
[2.382s] Level 1:colcon.colcon_core.package_identification:_identify(inverse-kinematics/log/build_2026-01-10_13-39-28/rover_arm_bringup) by extension 'colcon_meta'
[2.382s] Level 1:colcon.colcon_core.package_identification:_identify(inverse-kinematics/log/build_2026-01-10_13-39-28/rover_arm_bringup) by extensions ['ros']
[2.382s] Level 1:colcon.colcon_core.package_identification:_identify(inverse-kinematics/log/build_2026-01-10_13-39-28/rover_arm_bringup) by extension 'ros'
[2.382s] Level 1:colcon.colcon_core.package_identification:_identify(inverse-kinematics/log/build_2026-01-10_13-39-28/rover_arm_bringup) by extensions ['cmake', 'python']
[2.382s] Level 1:colcon.colcon_core.package_identification:_identify(inverse-kinematics/log/build_2026-01-10_13-39-28/rover_arm_bringup) by extension 'cmake'
[2.382s] Level 1:colcon.colcon_core.package_identification:_identify(inverse-kinematics/log/build_2026-01-10_13-39-28/rover_arm_bringup) by extension 'python'
[2.383s] Level 1:colcon.colcon_core.package_identification:_identify(inverse-kinematics/log/build_2026-01-10_13-39-28/rover_arm_bringup) by extensions ['python_setup_py']
[2.383s] Level 1:colcon.colcon_core.package_identification:_identify(inverse-kinematics/log/build_2026-01-10_13-39-28/rover_arm_bringup) by extension 'python_setup_py'
[2.384s] Level 1:colcon.colcon_core.package_identification:_identify(inverse-kinematics/log/build_2026-01-10_13-39-28/rover_arm_description) by extensions ['ignore', 'ignore_ament_install']
[2.384s] Level 1:colcon.colcon_core.package_identification:_identify(inverse-kinematics/log/build_2026-01-10_13-39-28/rover_arm_description) by extension 'ignore'
[2.384s] Level 1:colcon.colcon_core.package_identification:_identify(inverse-kinematics/log/build_2026-01-10_13-39-28/rover_arm_description) by extension 'ignore_ament_install'
[2.384s] Level 1:colcon.colcon_core.package_identification:_identify(inverse-kinematics/log/build_2026-01-10_13-39-28/rover_arm_description) by extensions ['colcon_pkg']
[2.385s] Level 1:colcon.colcon_core.package_identification:_identify(inverse-kinematics/log/build_2026-01-10_13-39-28/rover_arm_description) by extension 'colcon_pkg'
[2.385s] Level 1:colcon.colcon_core.package_identification:_identify(inverse-kinematics/log/build_2026-01-10_13-39-28/rover_arm_description) by extensions ['colcon_meta']
[2.385s] Level 1:colcon.colcon_core.package_identification:_identify(inverse-kinematics/log/build_2026-01-10_13-39-28/rover_arm_description) by extension 'colcon_meta'
[2.385s] Level 1:colcon.colcon_core.package_identification:_identify(inverse-kinematics/log/build_2026-01-10_13-39-28/rover_arm_description) by extensions ['ros']
[2.385s] Level 1:colcon.colcon_core.package_identification:_identify(inverse-kinematics/log/build_2026-01-10_13-39-28/rover_arm_description) by extension 'ros'
[2.385s] Level 1:colcon.colcon_core.package_identification:_identify(inverse-kinematics/log/build_2026-01-10_13-39-28/rover_arm_description) by extensions ['cmake', 'python']
[2.385s] Level 1:colcon.colcon_core.package_identification:_identify(inverse-kinematics/log/build_2026-01-10_13-39-28/rover_arm_description) by extension 'cmake'
[2.385s] Level 1:colcon.colcon_core.package_identification:_identify(inverse-kinematics/log/build_2026-01-10_13-39-28/rover_arm_description) by extension 'python'
[2.386s] Level 1:colcon.colcon_core.package_identification:_identify(inverse-kinematics/log/build_2026-01-10_13-39-28/rover_arm_description) by extensions ['python_setup_py']
[2.386s] Level 1:colcon.colcon_core.package_identification:_identify(inverse-kinematics/log/build_2026-01-10_13-39-28/rover_arm_description) by extension 'python_setup_py'
[2.387s] Level 1:colcon.colcon_core.package_identification:_identify(inverse-kinematics/log/build_2026-01-10_13-39-28/rover_arm_moveit_config) by extensions ['ignore', 'ignore_ament_install']
[2.387s] Level 1:colcon.colcon_core.package_identification:_identify(inverse-kinematics/log/build_2026-01-10_13-39-28/rover_arm_moveit_config) by extension 'ignore'
[2.387s] Level 1:colcon.colcon_core.package_identification:_identify(inverse-kinematics/log/build_2026-01-10_13-39-28/rover_arm_moveit_config) by extension 'ignore_ament_install'
[2.387s] Level 1:colcon.colcon_core.package_identification:_identify(inverse-kinematics/log/build_2026-01-10_13-39-28/rover_arm_moveit_config) by extensions ['colcon_pkg']
[2.387s] Level 1:colcon.colcon_core.package_identification:_identify(inverse-kinematics/log/build_2026-01-10_13-39-28/rover_arm_moveit_config) by extension 'colcon_pkg'
[2.387s] Level 1:colcon.colcon_core.package_identification:_identify(inverse-kinematics/log/build_2026-01-10_13-39-28/rover_arm_moveit_config) by extensions ['colcon_meta']
[2.387s] Level 1:colcon.colcon_core.package_identification:_identify(inverse-kinematics/log/build_2026-01-10_13-39-28/rover_arm_moveit_config) by extension 'colcon_meta'
[2.387s] Level 1:colcon.colcon_core.package_identification:_identify(inverse-kinematics/log/build_2026-01-10_13-39-28/rover_arm_moveit_config) by extensions ['ros']
[2.388s] Level 1:colcon.colcon_core.package_identification:_identify(inverse-kinematics/log/build_2026-01-10_13-39-28/rover_arm_moveit_config) by extension 'ros'
[2.388s] Level 1:colcon.colcon_core.package_identification:_identify(inverse-kinematics/log/build_2026-01-10_13-39-28/rover_arm_moveit_config) by extensions ['cmake', 'python']
[2.388s] Level 1:colcon.colcon_core.package_identification:_identify(inverse-kinematics/log/build_2026-01-10_13-39-28/rover_arm_moveit_config) by extension 'cmake'
[2.388s] Level 1:colcon.colcon_core.package_identification:_identify(inverse-kinematics/log/build_2026-01-10_13-39-28/rover_arm_moveit_config) by extension 'python'
[2.388s] Level 1:colcon.colcon_core.package_identification:_identify(inverse-kinematics/log/build_2026-01-10_13-39-28/rover_arm_moveit_config) by extensions ['python_setup_py']
[2.388s] Level 1:colcon.colcon_core.package_identification:_identify(inverse-kinematics/log/build_2026-01-10_13-39-28/rover_arm_moveit_config) by extension 'python_setup_py'
[2.389s] Level 1:colcon.colcon_core.package_identification:_identify(inverse-kinematics/log/build_2026-01-10_14-43-57) by extensions ['ignore', 'ignore_ament_install']
[2.389s] Level 1:colcon.colcon_core.package_identification:_identify(inverse-kinematics/log/build_2026-01-10_14-43-57) by extension 'ignore'
[2.389s] Level 1:colcon.colcon_core.package_identification:_identify(inverse-kinematics/log/build_2026-01-10_14-43-57) by extension 'ignore_ament_install'
[2.389s] Level 1:colcon.colcon_core.package_identification:_identify(inverse-kinematics/log/build_2026-01-10_14-43-57) by extensions ['colcon_pkg']
[2.390s] Level 1:colcon.colcon_core.package_identification:_identify(inverse-kinematics/log/build_2026-01-10_14-43-57) by extension 'colcon_pkg'
[2.390s] Level 1:colcon.colcon_core.package_identification:_identify(inverse-kinematics/log/build_2026-01-10_14-43-57) by extensions ['colcon_meta']
[2.390s] Level 1:colcon.colcon_core.package_identification:_identify(inverse-kinematics/log/build_2026-01-10_14-43-57) by extension 'colcon_meta'
[2.390s] Level 1:colcon.colcon_core.package_identification:_identify(inverse-kinematics/log/build_2026-01-10_14-43-57) by extensions ['ros']
[2.390s] Level 1:colcon.colcon_core.package_identification:_identify(inverse-kinematics/log/build_2026-01-10_14-43-57) by extension 'ros'
[2.390s] Level 1:colcon.colcon_core.package_identification:_identify(inverse-kinematics/log/build_2026-01-10_14-43-57) by extensions ['cmake', 'python']
[2.390s] Level 1:colcon.colcon_core.package_identification:_identify(inverse-kinematics/log/build_2026-01-10_14-43-57) by extension 'cmake'
[2.390s] Level 1:colcon.colcon_core.package_identification:_identify(inverse-kinematics/log/build_2026-01-10_14-43-57) by extension 'python'
[2.391s] Level 1:colcon.colcon_core.package_identification:_identify(inverse-kinematics/log/build_2026-01-10_14-43-57) by extensions ['python_setup_py']
[2.391s] Level 1:colcon.colcon_core.package_identification:_identify(inverse-kinematics/log/build_2026-01-10_14-43-57) by extension 'python_setup_py'
[2.392s] Level 1:colcon.colcon_core.package_identification:_identify(inverse-kinematics/log/build_2026-01-10_14-43-57/rover_arm_description) by extensions ['ignore', 'ignore_ament_install']
[2.392s] Level 1:colcon.colcon_core.package_identification:_identify(inverse-kinematics/log/build_2026-01-10_14-43-57/rover_arm_description) by extension 'ignore'
[2.392s] Level 1:colcon.colcon_core.package_identification:_identify(inverse-kinematics/log/build_2026-01-10_14-43-57/rover_arm_description) by extension 'ignore_ament_install'
[2.392s] Level 1:colcon.colcon_core.package_identification:_identify(inverse-kinematics/log/build_2026-01-10_14-43-57/rover_arm_description) by extensions ['colcon_pkg']
[2.393s] Level 1:colcon.colcon_core.package_identification:_identify(inverse-kinematics/log/build_2026-01-10_14-43-57/rover_arm_description) by extension 'colcon_pkg'
[2.393s] Level 1:colcon.colcon_core.package_identification:_identify(inverse-kinematics/log/build_2026-01-10_14-43-57/rover_arm_description) by extensions ['colcon_meta']
[2.393s] Level 1:colcon.colcon_core.package_identification:_identify(inverse-kinematics/log/build_2026-01-10_14-43-57/rover_arm_description) by extension 'colcon_meta'
[2.393s] Level 1:colcon.colcon_core.package_identification:_identify(inverse-kinematics/log/build_2026-01-10_14-43-57/rover_arm_description) by extensions ['ros']
[2.393s] Level 1:colcon.colcon_core.package_identification:_identify(inverse-kinematics/log/build_2026-01-10_14-43-57/rover_arm_description) by extension 'ros'
[2.393s] Level 1:colcon.colcon_core.package_identification:_identify(inverse-kinematics/log/build_2026-01-10_14-43-57/rover_arm_description) by extensions ['cmake', 'python']
[2.393s] Level 1:colcon.colcon_core.package_identification:_identify(inverse-kinematics/log/build_2026-01-10_14-43-57/rover_arm_description) by extension 'cmake'
[2.394s] Level 1:colcon.colcon_core.package_identification:_identify(inverse-kinematics/log/build_2026-01-10_14-43-57/rover_arm_description) by extension 'python'
[2.394s] Level 1:colcon.colcon_core.package_identification:_identify(inverse-kinematics/log/build_2026-01-10_14-43-57/rover_arm_description) by extensions ['python_setup_py']
[2.394s] Level 1:colcon.colcon_core.package_identification:_identify(inverse-kinematics/log/build_2026-01-10_14-43-57/rover_arm_description) by extension 'python_setup_py'
[2.395s] Level 1:colcon.colcon_core.package_identification:_identify(inverse-kinematics/log/build_2026-01-10_14-43-57/rover_arm_moveit_config) by extensions ['ignore', 'ignore_ament_install']
[2.395s] Level 1:colcon.colcon_core.package_identification:_identify(inverse-kinematics/log/build_2026-01-10_14-43-57/rover_arm_moveit_config) by extension 'ignore'
[2.395s] Level 1:colcon.colcon_core.package_identification:_identify(inverse-kinematics/log/build_2026-01-10_14-43-57/rover_arm_moveit_config) by extension 'ignore_ament_install'
[2.395s] Level 1:colcon.colcon_core.package_identification:_identify(inverse-kinematics/log/build_2026-01-10_14-43-57/rover_arm_moveit_config) by extensions ['colcon_pkg']
[2.395s] Level 1:colcon.colcon_core.package_identification:_identify(inverse-kinematics/log/build_2026-01-10_14-43-57/rover_arm_moveit_config) by extension 'colcon_pkg'
[2.395s] Level 1:colcon.colcon_core.package_identification:_identify(inverse-kinematics/log/build_2026-01-10_14-43-57/rover_arm_moveit_config) by extensions ['colcon_meta']
[2.395s] Level 1:colcon.colcon_core.package_identification:_identify(inverse-kinematics/log/build_2026-01-10_14-43-57/rover_arm_moveit_config) by extension 'colcon_meta'
[2.396s] Level 1:colcon.colcon_core.package_identification:_identify(inverse-kinematics/log/build_2026-01-10_14-43-57/rover_arm_moveit_config) by extensions ['ros']
[2.396s] Level 1:colcon.colcon_core.package_identification:_identify(inverse-kinematics/log/build_2026-01-10_14-43-57/rover_arm_moveit_config) by extension 'ros'
[2.396s] Level 1:colcon.colcon_core.package_identification:_identify(inverse-kinematics/log/build_2026-01-10_14-43-57/rover_arm_moveit_config) by extensions ['cmake', 'python']
[2.396s] Level 1:colcon.colcon_core.package_identification:_identify(inverse-kinematics/log/build_2026-01-10_14-43-57/rover_arm_moveit_config) by extension 'cmake'
[2.396s] Level 1:colcon.colcon_core.package_identification:_identify(inverse-kinematics/log/build_2026-01-10_14-43-57/rover_arm_moveit_config) by extension 'python'
[2.396s] Level 1:colcon.colcon_core.package_identification:_identify(inverse-kinematics/log/build_2026-01-10_14-43-57/rover_arm_moveit_config) by extensions ['python_setup_py']
[2.396s] Level 1:colcon.colcon_core.package_identification:_identify(inverse-kinematics/log/build_2026-01-10_14-43-57/rover_arm_moveit_config) by extension 'python_setup_py'
[2.397s] Level 1:colcon.colcon_core.package_identification:_identify(inverse-kinematics/log/build_2026-02-02_16-54-26) by extensions ['ignore', 'ignore_ament_install']
[2.397s] Level 1:colcon.colcon_core.package_identification:_identify(inverse-kinematics/log/build_2026-02-02_16-54-26) by extension 'ignore'
[2.398s] Level 1:colcon.colcon_core.package_identification:_identify(inverse-kinematics/log/build_2026-02-02_16-54-26) by extension 'ignore_ament_install'
[2.398s] Level 1:colcon.colcon_core.package_identification:_identify(inverse-kinematics/log/build_2026-02-02_16-54-26) by extensions ['colcon_pkg']
[2.398s] Level 1:colcon.colcon_core.package_identification:_identify(inverse-kinematics/log/build_2026-02-02_16-54-26) by extension 'colcon_pkg'
[2.398s] Level 1:colcon.colcon_core.package_identification:_identify(inverse-kinematics/log/build_2026-02-02_16-54-26) by extensions ['colcon_meta']
[2.398s] Level 1:colcon.colcon_core.package_identification:_identify(inverse-kinematics/log/build_2026-02-02_16-54-26) by extension 'colcon_meta'
[2.398s] Level 1:colcon.colcon_core.package_identification:_identify(inverse-kinematics/log/build_2026-02-02_16-54-26) by extensions ['ros']
[2.398s] Level 1:colcon.colcon_core.package_identification:_identify(inverse-kinematics/log/build_2026-02-02_16-54-26) by extension 'ros'
[2.398s] Level 1:colcon.colcon_core.package_identification:_identify(inverse-kinematics/log/build_2026-02-02_16-54-26) by extensions ['cmake', 'python']
[2.398s] Level 1:colcon.colcon_core.package_identification:_identify(inverse-kinematics/log/build_2026-02-02_16-54-26) by extension 'cmake'
[2.398s] Level 1:colcon.colcon_core.package_identification:_identify(inverse-kinematics/log/build_2026-02-02_16-54-26) by extension 'python'
[2.399s] Level 1:colcon.colcon_core.package_identification:_identify(inverse-kinematics/log/build_2026-02-02_16-54-26) by extensions ['python_setup_py']
[2.399s] Level 1:colcon.colcon_core.package_identification:_identify(inverse-kinematics/log/build_2026-02-02_16-54-26) by extension 'python_setup_py'
[2.400s] Level 1:colcon.colcon_core.package_identification:_identify(inverse-kinematics/log/build_2026-02-02_16-54-26/rover_arm_description) by extensions ['ignore', 'ignore_ament_install']
[2.400s] Level 1:colcon.colcon_core.package_identification:_identify(inverse-kinematics/log/build_2026-02-02_16-54-26/rover_arm_description) by extension 'ignore'
[2.401s] Level 1:colcon.colcon_core.package_identification:_identify(inverse-kinematics/log/build_2026-02-02_16-54-26/rover_arm_description) by extension 'ignore_ament_install'
[2.401s] Level 1:colcon.colcon_core.package_identification:_identify(inverse-kinematics/log/build_2026-02-02_16-54-26/rover_arm_description) by extensions ['colcon_pkg']
[2.401s] Level 1:colcon.colcon_core.package_identification:_identify(inverse-kinematics/log/build_2026-02-02_16-54-26/rover_arm_description) by extension 'colcon_pkg'
[2.401s] Level 1:colcon.colcon_core.package_identification:_identify(inverse-kinematics/log/build_2026-02-02_16-54-26/rover_arm_description) by extensions ['colcon_meta']
[2.401s] Level 1:colcon.colcon_core.package_identification:_identify(inverse-kinematics/log/build_2026-02-02_16-54-26/rover_arm_description) by extension 'colcon_meta'
[2.401s] Level 1:colcon.colcon_core.package_identification:_identify(inverse-kinematics/log/build_2026-02-02_16-54-26/rover_arm_description) by extensions ['ros']
[2.401s] Level 1:colcon.colcon_core.package_identification:_identify(inverse-kinematics/log/build_2026-02-02_16-54-26/rover_arm_description) by extension 'ros'
[2.401s] Level 1:colcon.colcon_core.package_identification:_identify(inverse-kinematics/log/build_2026-02-02_16-54-26/rover_arm_description) by extensions ['cmake', 'python']
[2.402s] Level 1:colcon.colcon_core.package_identification:_identify(inverse-kinematics/log/build_2026-02-02_16-54-26/rover_arm_description) by extension 'cmake'
[2.402s] Level 1:colcon.colcon_core.package_identification:_identify(inverse-kinematics/log/build_2026-02-02_16-54-26/rover_arm_description) by extension 'python'
[2.402s] Level 1:colcon.colcon_core.package_identification:_identify(inverse-kinematics/log/build_2026-02-02_16-54-26/rover_arm_description) by extensions ['python_setup_py']
[2.402s] Level 1:colcon.colcon_core.package_identification:_identify(inverse-kinematics/log/build_2026-02-02_16-54-26/rover_arm_description) by extension 'python_setup_py'
[2.407s] Level 1:colcon.colcon_core.package_identification:_identify(inverse-kinematics/log/build_2026-02-02_16-54-26/rover_arm_moveit_config) by extensions ['ignore', 'ignore_ament_install']
[2.408s] Level 1:colcon.colcon_core.package_identification:_identify(inverse-kinematics/log/build_2026-02-02_16-54-26/rover_arm_moveit_config) by extension 'ignore'
[2.408s] Level 1:colcon.colcon_core.package_identification:_identify(inverse-kinematics/log/build_2026-02-02_16-54-26/rover_arm_moveit_config) by extension 'ignore_ament_install'
[2.408s] Level 1:colcon.colcon_core.package_identification:_identify(inverse-kinematics/log/build_2026-02-02_16-54-26/rover_arm_moveit_config) by extensions ['colcon_pkg']
[2.408s] Level 1:colcon.colcon_core.package_identification:_identify(inverse-kinematics/log/build_2026-02-02_16-54-26/rover_arm_moveit_config) by extension 'colcon_pkg'
[2.409s] Level 1:colcon.colcon_core.package_identification:_identify(inverse-kinematics/log/build_2026-02-02_16-54-26/rover_arm_moveit_config) by extensions ['colcon_meta']
[2.409s] Level 1:colcon.colcon_core.package_identification:_identify(inverse-kinematics/log/build_2026-02-02_16-54-26/rover_arm_moveit_config) by extension 'colcon_meta'
[2.409s] Level 1:colcon.colcon_core.package_identification:_identify(inverse-kinematics/log/build_2026-02-02_16-54-26/rover_arm_moveit_config) by extensions ['ros']
[2.409s] Level 1:colcon.colcon_core.package_identification:_identify(inverse-kinematics/log/build_2026-02-02_16-54-26/rover_arm_moveit_config) by extension 'ros'
[2.409s] Level 1:colcon.colcon_core.package_identification:_identify(inverse-kinematics/log/build_2026-02-02_16-54-26/rover_arm_moveit_config) by extensions ['cmake', 'python']
[2.409s] Level 1:colcon.colcon_core.package_identification:_identify(inverse-kinematics/log/build_2026-02-02_16-54-26/rover_arm_moveit_config) by extension 'cmake'
[2.409s] Level 1:colcon.colcon_core.package_identification:_identify(inverse-kinematics/log/build_2026-02-02_16-54-26/rover_arm_moveit_config) by extension 'python'
[2.410s] Level 1:colcon.colcon_core.package_identification:_identify(inverse-kinematics/log/build_2026-02-02_16-54-26/rover_arm_moveit_config) by extensions ['python_setup_py']
[2.410s] Level 1:colcon.colcon_core.package_identification:_identify(inverse-kinematics/log/build_2026-02-02_16-54-26/rover_arm_moveit_config) by extension 'python_setup_py'
[2.421s] Level 1:colcon.colcon_core.package_identification:_identify(inverse-kinematics/log/build_2026-02-02_17-15-14) by extensions ['ignore', 'ignore_ament_install']
[2.422s] Level 1:colcon.colcon_core.package_identification:_identify(inverse-kinematics/log/build_2026-02-02_17-15-14) by extension 'ignore'
[2.422s] Level 1:colcon.colcon_core.package_identification:_identify(inverse-kinematics/log/build_2026-02-02_17-15-14) by extension 'ignore_ament_install'
[2.422s] Level 1:colcon.colcon_core.package_identification:_identify(inverse-kinematics/log/build_2026-02-02_17-15-14) by extensions ['colcon_pkg']
[2.422s] Level 1:colcon.colcon_core.package_identification:_identify(inverse-kinematics/log/build_2026-02-02_17-15-14) by extension 'colcon_pkg'
[2.422s] Level 1:colcon.colcon_core.package_identification:_identify(inverse-kinematics/log/build_2026-02-02_17-15-14) by extensions ['colcon_meta']
[2.422s] Level 1:colcon.colcon_core.package_identification:_identify(inverse-kinematics/log/build_2026-02-02_17-15-14) by extension 'colcon_meta'
[2.423s] Level 1:colcon.colcon_core.package_identification:_identify(inverse-kinematics/log/build_2026-02-02_17-15-14) by extensions ['ros']
[2.423s] Level 1:colcon.colcon_core.package_identification:_identify(inverse-kinematics/log/build_2026-02-02_17-15-14) by extension 'ros'
[2.423s] Level 1:colcon.colcon_core.package_identification:_identify(inverse-kinematics/log/build_2026-02-02_17-15-14) by extensions ['cmake', 'python']
[2.423s] Level 1:colcon.colcon_core.package_identification:_identify(inverse-kinematics/log/build_2026-02-02_17-15-14) by extension 'cmake'
[2.423s] Level 1:colcon.colcon_core.package_identification:_identify(inverse-kinematics/log/build_2026-02-02_17-15-14) by extension 'python'
[2.423s] Level 1:colcon.colcon_core.package_identification:_identify(inverse-kinematics/log/build_2026-02-02_17-15-14) by extensions ['python_setup_py']
[2.423s] Level 1:colcon.colcon_core.package_identification:_identify(inverse-kinematics/log/build_2026-02-02_17-15-14) by extension 'python_setup_py'
[2.428s] Level 1:colcon.colcon_core.package_identification:_identify(inverse-kinematics/log/build_2026-02-02_17-15-14/rover_arm_description) by extensions ['ignore', 'ignore_ament_install']
[2.428s] Level 1:colcon.colcon_core.package_identification:_identify(inverse-kinematics/log/build_2026-02-02_17-15-14/rover_arm_description) by extension 'ignore'
[2.429s] Level 1:colcon.colcon_core.package_identification:_identify(inverse-kinematics/log/build_2026-02-02_17-15-14/rover_arm_description) by extension 'ignore_ament_install'
[2.429s] Level 1:colcon.colcon_core.package_identification:_identify(inverse-kinematics/log/build_2026-02-02_17-15-14/rover_arm_description) by extensions ['colcon_pkg']
[2.429s] Level 1:colcon.colcon_core.package_identification:_identify(inverse-kinematics/log/build_2026-02-02_17-15-14/rover_arm_description) by extension 'colcon_pkg'
[2.429s] Level 1:colcon.colcon_core.package_identification:_identify(inverse-kinematics/log/build_2026-02-02_17-15-14/rover_arm_description) by extensions ['colcon_meta']
[2.429s] Level 1:colcon.colcon_core.package_identification:_identify(inverse-kinematics/log/build_2026-02-02_17-15-14/rover_arm_description) by extension 'colcon_meta'
[2.429s] Level 1:colcon.colcon_core.package_identification:_identify(inverse-kinematics/log/build_2026-02-02_17-15-14/rover_arm_description) by extensions ['ros']
[2.429s] Level 1:colcon.colcon_core.package_identification:_identify(inverse-kinematics/log/build_2026-02-02_17-15-14/rover_arm_description) by extension 'ros'
[2.430s] Level 1:colcon.colcon_core.package_identification:_identify(inverse-kinematics/log/build_2026-02-02_17-15-14/rover_arm_description) by extensions ['cmake', 'python']
[2.430s] Level 1:colcon.colcon_core.package_identification:_identify(inverse-kinematics/log/build_2026-02-02_17-15-14/rover_arm_description) by extension 'cmake'
[2.430s] Level 1:colcon.colcon_core.package_identification:_identify(inverse-kinematics/log/build_2026-02-02_17-15-14/rover_arm_description) by extension 'python'
[2.430s] Level 1:colcon.colcon_core.package_identification:_identify(inverse-kinematics/log/build_2026-02-02_17-15-14/rover_arm_description) by extensions ['python_setup_py']
[2.430s] Level 1:colcon.colcon_core.package_identification:_identify(inverse-kinematics/log/build_2026-02-02_17-15-14/rover_arm_description) by extension 'python_setup_py'
[2.446s] Level 1:colcon.colcon_core.package_identification:_identify(inverse-kinematics/log/build_2026-02-02_17-15-14/rover_arm_moveit_config) by extensions ['ignore', 'ignore_ament_install']
[2.446s] Level 1:colcon.colcon_core.package_identification:_identify(inverse-kinematics/log/build_2026-02-02_17-15-14/rover_arm_moveit_config) by extension 'ignore'
[2.446s] Level 1:colcon.colcon_core.package_identification:_identify(inverse-kinematics/log/build_2026-02-02_17-15-14/rover_arm_moveit_config) by extension 'ignore_ament_install'
[2.446s] Level 1:colcon.colcon_core.package_identification:_identify(inverse-kinematics/log/build_2026-02-02_17-15-14/rover_arm_moveit_config) by extensions ['colcon_pkg']
[2.447s] Level 1:colcon.colcon_core.package_identification:_identify(inverse-kinematics/log/build_2026-02-02_17-15-14/rover_arm_moveit_config) by extension 'colcon_pkg'
[2.447s] Level 1:colcon.colcon_core.package_identification:_identify(inverse-kinematics/log/build_2026-02-02_17-15-14/rover_arm_moveit_config) by extensions ['colcon_meta']
[2.447s] Level 1:colcon.colcon_core.package_identification:_identify(inverse-kinematics/log/build_2026-02-02_17-15-14/rover_arm_moveit_config) by extension 'colcon_meta'
[2.447s] Level 1:colcon.colcon_core.package_identification:_identify(inverse-kinematics/log/build_2026-02-02_17-15-14/rover_arm_moveit_config) by extensions ['ros']
[2.447s] Level 1:colcon.colcon_core.package_identification:_identify(inverse-kinematics/log/build_2026-02-02_17-15-14/rover_arm_moveit_config) by extension 'ros'
[2.447s] Level 1:colcon.colcon_core.package_identification:_identify(inverse-kinematics/log/build_2026-02-02_17-15-14/rover_arm_moveit_config) by extensions ['cmake', 'python']
[2.447s] Level 1:colcon.colcon_core.package_identification:_identify(inverse-kinematics/log/build_2026-02-02_17-15-14/rover_arm_moveit_config) by extension 'cmake'
[2.448s] Level 1:colcon.colcon_core.package_identification:_identify(inverse-kinematics/log/build_2026-02-02_17-15-14/rover_arm_moveit_config) by extension 'python'
[2.448s] Level 1:colcon.colcon_core.package_identification:_identify(inverse-kinematics/log/build_2026-02-02_17-15-14/rover_arm_moveit_config) by extensions ['python_setup_py']
[2.448s] Level 1:colcon.colcon_core.package_identification:_identify(inverse-kinematics/log/build_2026-02-02_17-15-14/rover_arm_moveit_config) by extension 'python_setup_py'
[2.448s] Level 1:colcon.colcon_core.package_identification:_identify(inverse-kinematics/log/build_2026-02-02_17-50-44) by extensions ['ignore', 'ignore_ament_install']
[2.448s] Level 1:colcon.colcon_core.package_identification:_identify(inverse-kinematics/log/build_2026-02-02_17-50-44) by extension 'ignore'
[2.449s] Level 1:colcon.colcon_core.package_identification:_identify(inverse-kinematics/log/build_2026-02-02_17-50-44) by extension 'ignore_ament_install'
[2.449s] Level 1:colcon.colcon_core.package_identification:_identify(inverse-kinematics/log/build_2026-02-02_17-50-44) by extensions ['colcon_pkg']
[2.449s] Level 1:colcon.colcon_core.package_identification:_identify(inverse-kinematics/log/build_2026-02-02_17-50-44) by extension 'colcon_pkg'
[2.449s] Level 1:colcon.colcon_core.package_identification:_identify(inverse-kinematics/log/build_2026-02-02_17-50-44) by extensions ['colcon_meta']
[2.449s] Level 1:colcon.colcon_core.package_identification:_identify(inverse-kinematics/log/build_2026-02-02_17-50-44) by extension 'colcon_meta'
[2.449s] Level 1:colcon.colcon_core.package_identification:_identify(inverse-kinematics/log/build_2026-02-02_17-50-44) by extensions ['ros']
[2.449s] Level 1:colcon.colcon_core.package_identification:_identify(inverse-kinematics/log/build_2026-02-02_17-50-44) by extension 'ros'
[2.450s] Level 1:colcon.colcon_core.package_identification:_identify(inverse-kinematics/log/build_2026-02-02_17-50-44) by extensions ['cmake', 'python']
[2.450s] Level 1:colcon.colcon_core.package_identification:_identify(inverse-kinematics/log/build_2026-02-02_17-50-44) by extension 'cmake'
[2.450s] Level 1:colcon.colcon_core.package_identification:_identify(inverse-kinematics/log/build_2026-02-02_17-50-44) by extension 'python'
[2.450s] Level 1:colcon.colcon_core.package_identification:_identify(inverse-kinematics/log/build_2026-02-02_17-50-44) by extensions ['python_setup_py']
[2.450s] Level 1:colcon.colcon_core.package_identification:_identify(inverse-kinematics/log/build_2026-02-02_17-50-44) by extension 'python_setup_py'
[2.450s] Level 1:colcon.colcon_core.package_identification:_identify(inverse-kinematics/log/build_2026-02-02_17-50-44/rover_arm_description) by extensions ['ignore', 'ignore_ament_install']
[2.450s] Level 1:colcon.colcon_core.package_identification:_identify(inverse-kinematics/log/build_2026-02-02_17-50-44/rover_arm_description) by extension 'ignore'
[2.451s] Level 1:colcon.colcon_core.package_identification:_identify(inverse-kinematics/log/build_2026-02-02_17-50-44/rover_arm_description) by extension 'ignore_ament_install'
[2.451s] Level 1:colcon.colcon_core.package_identification:_identify(inverse-kinematics/log/build_2026-02-02_17-50-44/rover_arm_description) by extensions ['colcon_pkg']
[2.451s] Level 1:colcon.colcon_core.package_identification:_identify(inverse-kinematics/log/build_2026-02-02_17-50-44/rover_arm_description) by extension 'colcon_pkg'
[2.451s] Level 1:colcon.colcon_core.package_identification:_identify(inverse-kinematics/log/build_2026-02-02_17-50-44/rover_arm_description) by extensions ['colcon_meta']
[2.451s] Level 1:colcon.colcon_core.package_identification:_identify(inverse-kinematics/log/build_2026-02-02_17-50-44/rover_arm_description) by extension 'colcon_meta'
[2.451s] Level 1:colcon.colcon_core.package_identification:_identify(inverse-kinematics/log/build_2026-02-02_17-50-44/rover_arm_description) by extensions ['ros']
[2.451s] Level 1:colcon.colcon_core.package_identification:_identify(inverse-kinematics/log/build_2026-02-02_17-50-44/rover_arm_description) by extension 'ros'
[2.451s] Level 1:colcon.colcon_core.package_identification:_identify(inverse-kinematics/log/build_2026-02-02_17-50-44/rover_arm_description) by extensions ['cmake', 'python']
[2.451s] Level 1:colcon.colcon_core.package_identification:_identify(inverse-kinematics/log/build_2026-02-02_17-50-44/rover_arm_description) by extension 'cmake'
[2.452s] Level 1:colcon.colcon_core.package_identification:_identify(inverse-kinematics/log/build_2026-02-02_17-50-44/rover_arm_description) by extension 'python'
[2.452s] Level 1:colcon.colcon_core.package_identification:_identify(inverse-kinematics/log/build_2026-02-02_17-50-44/rover_arm_description) by extensions ['python_setup_py']
[2.452s] Level 1:colcon.colcon_core.package_identification:_identify(inverse-kinematics/log/build_2026-02-02_17-50-44/rover_arm_description) by extension 'python_setup_py'
[2.452s] Level 1:colcon.colcon_core.package_identification:_identify(inverse-kinematics/log/build_2026-02-02_17-50-44/rover_arm_moveit_config) by extensions ['ignore', 'ignore_ament_install']
[2.452s] Level 1:colcon.colcon_core.package_identification:_identify(inverse-kinematics/log/build_2026-02-02_17-50-44/rover_arm_moveit_config) by extension 'ignore'
[2.452s] Level 1:colcon.colcon_core.package_identification:_identify(inverse-kinematics/log/build_2026-02-02_17-50-44/rover_arm_moveit_config) by extension 'ignore_ament_install'
[2.453s] Level 1:colcon.colcon_core.package_identification:_identify(inverse-kinematics/log/build_2026-02-02_17-50-44/rover_arm_moveit_config) by extensions ['colcon_pkg']
[2.453s] Level 1:colcon.colcon_core.package_identification:_identify(inverse-kinematics/log/build_2026-02-02_17-50-44/rover_arm_moveit_config) by extension 'colcon_pkg'
[2.453s] Level 1:colcon.colcon_core.package_identification:_identify(inverse-kinematics/log/build_2026-02-02_17-50-44/rover_arm_moveit_config) by extensions ['colcon_meta']
[2.453s] Level 1:colcon.colcon_core.package_identification:_identify(inverse-kinematics/log/build_2026-02-02_17-50-44/rover_arm_moveit_config) by extension 'colcon_meta'
[2.453s] Level 1:colcon.colcon_core.package_identification:_identify(inverse-kinematics/log/build_2026-02-02_17-50-44/rover_arm_moveit_config) by extensions ['ros']
[2.453s] Level 1:colcon.colcon_core.package_identification:_identify(inverse-kinematics/log/build_2026-02-02_17-50-44/rover_arm_moveit_config) by extension 'ros'
[2.454s] Level 1:colcon.colcon_core.package_identification:_identify(inverse-kinematics/log/build_2026-02-02_17-50-44/rover_arm_moveit_config) by extensions ['cmake', 'python']
[2.454s] Level 1:colcon.colcon_core.package_identification:_identify(inverse-kinematics/log/build_2026-02-02_17-50-44/rover_arm_moveit_config) by extension 'cmake'
[2.454s] Level 1:colcon.colcon_core.package_identification:_identify(inverse-kinematics/log/build_2026-02-02_17-50-44/rover_arm_moveit_config) by extension 'python'
[2.454s] Level 1:colcon.colcon_core.package_identification:_identify(inverse-kinematics/log/build_2026-02-02_17-50-44/rover_arm_moveit_config) by extensions ['python_setup_py']
[2.455s] Level 1:colcon.colcon_core.package_identification:_identify(inverse-kinematics/log/build_2026-02-02_17-50-44/rover_arm_moveit_config) by extension 'python_setup_py'
[2.455s] Level 1:colcon.colcon_core.package_identification:_identify(inverse-kinematics/log/build_2026-02-02_18-06-13) by extensions ['ignore', 'ignore_ament_install']
[2.455s] Level 1:colcon.colcon_core.package_identification:_identify(inverse-kinematics/log/build_2026-02-02_18-06-13) by extension 'ignore'
[2.456s] Level 1:colcon.colcon_core.package_identification:_identify(inverse-kinematics/log/build_2026-02-02_18-06-13) by extension 'ignore_ament_install'
[2.456s] Level 1:colcon.colcon_core.package_identification:_identify(inverse-kinematics/log/build_2026-02-02_18-06-13) by extensions ['colcon_pkg']
[2.456s] Level 1:colcon.colcon_core.package_identification:_identify(inverse-kinematics/log/build_2026-02-02_18-06-13) by extension 'colcon_pkg'
[2.456s] Level 1:colcon.colcon_core.package_identification:_identify(inverse-kinematics/log/build_2026-02-02_18-06-13) by extensions ['colcon_meta']
[2.456s] Level 1:colcon.colcon_core.package_identification:_identify(inverse-kinematics/log/build_2026-02-02_18-06-13) by extension 'colcon_meta'
[2.456s] Level 1:colcon.colcon_core.package_identification:_identify(inverse-kinematics/log/build_2026-02-02_18-06-13) by extensions ['ros']
[2.456s] Level 1:colcon.colcon_core.package_identification:_identify(inverse-kinematics/log/build_2026-02-02_18-06-13) by extension 'ros'
[2.456s] Level 1:colcon.colcon_core.package_identification:_identify(inverse-kinematics/log/build_2026-02-02_18-06-13) by extensions ['cmake', 'python']
[2.456s] Level 1:colcon.colcon_core.package_identification:_identify(inverse-kinematics/log/build_2026-02-02_18-06-13) by extension 'cmake'
[2.456s] Level 1:colcon.colcon_core.package_identification:_identify(inverse-kinematics/log/build_2026-02-02_18-06-13) by extension 'python'
[2.457s] Level 1:colcon.colcon_core.package_identification:_identify(inverse-kinematics/log/build_2026-02-02_18-06-13) by extensions ['python_setup_py']
[2.457s] Level 1:colcon.colcon_core.package_identification:_identify(inverse-kinematics/log/build_2026-02-02_18-06-13) by extension 'python_setup_py'
[2.457s] Level 1:colcon.colcon_core.package_identification:_identify(inverse-kinematics/log/build_2026-02-02_18-06-13/rover_arm_description) by extensions ['ignore', 'ignore_ament_install']
[2.457s] Level 1:colcon.colcon_core.package_identification:_identify(inverse-kinematics/log/build_2026-02-02_18-06-13/rover_arm_description) by extension 'ignore'
[2.457s] Level 1:colcon.colcon_core.package_identification:_identify(inverse-kinematics/log/build_2026-02-02_18-06-13/rover_arm_description) by extension 'ignore_ament_install'
[2.457s] Level 1:colcon.colcon_core.package_identification:_identify(inverse-kinematics/log/build_2026-02-02_18-06-13/rover_arm_description) by extensions ['colcon_pkg']
[2.458s] Level 1:colcon.colcon_core.package_identification:_identify(inverse-kinematics/log/build_2026-02-02_18-06-13/rover_arm_description) by extension 'colcon_pkg'
[2.458s] Level 1:colcon.colcon_core.package_identification:_identify(inverse-kinematics/log/build_2026-02-02_18-06-13/rover_arm_description) by extensions ['colcon_meta']
[2.458s] Level 1:colcon.colcon_core.package_identification:_identify(inverse-kinematics/log/build_2026-02-02_18-06-13/rover_arm_description) by extension 'colcon_meta'
[2.458s] Level 1:colcon.colcon_core.package_identification:_identify(inverse-kinematics/log/build_2026-02-02_18-06-13/rover_arm_description) by extensions ['ros']
[2.458s] Level 1:colcon.colcon_core.package_identification:_identify(inverse-kinematics/log/build_2026-02-02_18-06-13/rover_arm_description) by extension 'ros'
[2.458s] Level 1:colcon.colcon_core.package_identification:_identify(inverse-kinematics/log/build_2026-02-02_18-06-13/rover_arm_description) by extensions ['cmake', 'python']
[2.458s] Level 1:colcon.colcon_core.package_identification:_identify(inverse-kinematics/log/build_2026-02-02_18-06-13/rover_arm_description) by extension 'cmake'
[2.458s] Level 1:colcon.colcon_core.package_identification:_identify(inverse-kinematics/log/build_2026-02-02_18-06-13/rover_arm_description) by extension 'python'
[2.459s] Level 1:colcon.colcon_core.package_identification:_identify(inverse-kinematics/log/build_2026-02-02_18-06-13/rover_arm_description) by extensions ['python_setup_py']
[2.459s] Level 1:colcon.colcon_core.package_identification:_identify(inverse-kinematics/log/build_2026-02-02_18-06-13/rover_arm_description) by extension 'python_setup_py'
[2.459s] Level 1:colcon.colcon_core.package_identification:_identify(inverse-kinematics/log/build_2026-02-02_18-06-13/rover_arm_moveit_config) by extensions ['ignore', 'ignore_ament_install']
[2.459s] Level 1:colcon.colcon_core.package_identification:_identify(inverse-kinematics/log/build_2026-02-02_18-06-13/rover_arm_moveit_config) by extension 'ignore'
[2.459s] Level 1:colcon.colcon_core.package_identification:_identify(inverse-kinematics/log/build_2026-02-02_18-06-13/rover_arm_moveit_config) by extension 'ignore_ament_install'
[2.459s] Level 1:colcon.colcon_core.package_identification:_identify(inverse-kinematics/log/build_2026-02-02_18-06-13/rover_arm_moveit_config) by extensions ['colcon_pkg']
[2.459s] Level 1:colcon.colcon_core.package_identification:_identify(inverse-kinematics/log/build_2026-02-02_18-06-13/rover_arm_moveit_config) by extension 'colcon_pkg'
[2.460s] Level 1:colcon.colcon_core.package_identification:_identify(inverse-kinematics/log/build_2026-02-02_18-06-13/rover_arm_moveit_config) by extensions ['colcon_meta']
[2.460s] Level 1:colcon.colcon_core.package_identification:_identify(inverse-kinematics/log/build_2026-02-02_18-06-13/rover_arm_moveit_config) by extension 'colcon_meta'
[2.460s] Level 1:colcon.colcon_core.package_identification:_identify(inverse-kinematics/log/build_2026-02-02_18-06-13/rover_arm_moveit_config) by extensions ['ros']
[2.460s] Level 1:colcon.colcon_core.package_identification:_identify(inverse-kinematics/log/build_2026-02-02_18-06-13/rover_arm_moveit_config) by extension 'ros'
[2.460s] Level 1:colcon.colcon_core.package_identification:_identify(inverse-kinematics/log/build_2026-02-02_18-06-13/rover_arm_moveit_config) by extensions ['cmake', 'python']
[2.460s] Level 1:colcon.colcon_core.package_identification:_identify(inverse-kinematics/log/build_2026-02-02_18-06-13/rover_arm_moveit_config) by extension 'cmake'
[2.460s] Level 1:colcon.colcon_core.package_identification:_identify(inverse-kinematics/log/build_2026-02-02_18-06-13/rover_arm_moveit_config) by extension 'python'
[2.460s] Level 1:colcon.colcon_core.package_identification:_identify(inverse-kinematics/log/build_2026-02-02_18-06-13/rover_arm_moveit_config) by extensions ['python_setup_py']
[2.460s] Level 1:colcon.colcon_core.package_identification:_identify(inverse-kinematics/log/build_2026-02-02_18-06-13/rover_arm_moveit_config) by extension 'python_setup_py'
[2.461s] Level 1:colcon.colcon_core.package_identification:_identify(inverse-kinematics/rover_arm_description) by extensions ['ignore', 'ignore_ament_install']
[2.461s] Level 1:colcon.colcon_core.package_identification:_identify(inverse-kinematics/rover_arm_description) by extension 'ignore'
[2.461s] Level 1:colcon.colcon_core.package_identification:_identify(inverse-kinematics/rover_arm_description) by extension 'ignore_ament_install'
[2.461s] Level 1:colcon.colcon_core.package_identification:_identify(inverse-kinematics/rover_arm_description) by extensions ['colcon_pkg']
[2.461s] Level 1:colcon.colcon_core.package_identification:_identify(inverse-kinematics/rover_arm_description) by extension 'colcon_pkg'
[2.462s] Level 1:colcon.colcon_core.package_identification:_identify(inverse-kinematics/rover_arm_description) by extensions ['colcon_meta']
[2.462s] Level 1:colcon.colcon_core.package_identification:_identify(inverse-kinematics/rover_arm_description) by extension 'colcon_meta'
[2.462s] Level 1:colcon.colcon_core.package_identification:_identify(inverse-kinematics/rover_arm_description) by extensions ['ros']
[2.462s] Level 1:colcon.colcon_core.package_identification:_identify(inverse-kinematics/rover_arm_description) by extension 'ros'
[2.502s] DEBUG:colcon.colcon_core.package_identification:Package 'inverse-kinematics/rover_arm_description' with type 'ros.ament_cmake' and name 'rover_arm_description'
[2.502s] Level 1:colcon.colcon_core.package_identification:_identify(inverse-kinematics/rover_arm_moveit_config) by extensions ['ignore', 'ignore_ament_install']
[2.502s] Level 1:colcon.colcon_core.package_identification:_identify(inverse-kinematics/rover_arm_moveit_config) by extension 'ignore'
[2.502s] Level 1:colcon.colcon_core.package_identification:_identify(inverse-kinematics/rover_arm_moveit_config) by extension 'ignore_ament_install'
[2.503s] Level 1:colcon.colcon_core.package_identification:_identify(inverse-kinematics/rover_arm_moveit_config) by extensions ['colcon_pkg']
[2.503s] Level 1:colcon.colcon_core.package_identification:_identify(inverse-kinematics/rover_arm_moveit_config) by extension 'colcon_pkg'
[2.503s] Level 1:colcon.colcon_core.package_identification:_identify(inverse-kinematics/rover_arm_moveit_config) by extensions ['colcon_meta']
[2.503s] Level 1:colcon.colcon_core.package_identification:_identify(inverse-kinematics/rover_arm_moveit_config) by extension 'colcon_meta'
[2.503s] Level 1:colcon.colcon_core.package_identification:_identify(inverse-kinematics/rover_arm_moveit_config) by extensions ['ros']
[2.503s] Level 1:colcon.colcon_core.package_identification:_identify(inverse-kinematics/rover_arm_moveit_config) by extension 'ros'
[2.524s] DEBUG:colcon.colcon_core.package_identification:Package 'inverse-kinematics/rover_arm_moveit_config' with type 'ros.ament_cmake' and name 'rover_arm_moveit_config'
[2.619s] Level 1:colcon.colcon_core.package_identification:_identify(joy_mux_controller) by extensions ['ignore', 'ignore_ament_install']
[2.620s] Level 1:colcon.colcon_core.package_identification:_identify(joy_mux_controller) by extension 'ignore'
[2.620s] Level 1:colcon.colcon_core.package_identification:_identify(joy_mux_controller) by extension 'ignore_ament_install'
[2.620s] Level 1:colcon.colcon_core.package_identification:_identify(joy_mux_controller) by extensions ['colcon_pkg']
[2.621s] Level 1:colcon.colcon_core.package_identification:_identify(joy_mux_controller) by extension 'colcon_pkg'
[2.621s] Level 1:colcon.colcon_core.package_identification:_identify(joy_mux_controller) by extensions ['colcon_meta']
[2.621s] Level 1:colcon.colcon_core.package_identification:_identify(joy_mux_controller) by extension 'colcon_meta'
[2.621s] Level 1:colcon.colcon_core.package_identification:_identify(joy_mux_controller) by extensions ['ros']
[2.621s] Level 1:colcon.colcon_core.package_identification:_identify(joy_mux_controller) by extension 'ros'
[2.621s] Level 1:colcon.colcon_core.package_identification:_identify(joy_mux_controller) by extensions ['cmake', 'python']
[2.621s] Level 1:colcon.colcon_core.package_identification:_identify(joy_mux_controller) by extension 'cmake'
[2.622s] Level 1:colcon.colcon_core.package_identification:_identify(joy_mux_controller) by extension 'python'
[2.622s] Level 1:colcon.colcon_core.package_identification:_identify(joy_mux_controller) by extensions ['python_setup_py']
[2.622s] Level 1:colcon.colcon_core.package_identification:_identify(joy_mux_controller) by extension 'python_setup_py'
[4.238s] DEBUG:colcon.colcon_core.package_identification:Package 'joy_mux_controller' with type 'python' and name 'joy_mux_controller'
[4.239s] Level 1:colcon.colcon_core.package_identification:_identify(joy_mux_controller_cpp) by extensions ['ignore', 'ignore_ament_install']
[4.239s] Level 1:colcon.colcon_core.package_identification:_identify(joy_mux_controller_cpp) by extension 'ignore'
[4.240s] Level 1:colcon.colcon_core.package_identification:_identify(joy_mux_controller_cpp) by extension 'ignore_ament_install'
[4.240s] Level 1:colcon.colcon_core.package_identification:_identify(joy_mux_controller_cpp) by extensions ['colcon_pkg']
[4.240s] Level 1:colcon.colcon_core.package_identification:_identify(joy_mux_controller_cpp) by extension 'colcon_pkg'
[4.240s] Level 1:colcon.colcon_core.package_identification:_identify(joy_mux_controller_cpp) by extensions ['colcon_meta']
[4.240s] Level 1:colcon.colcon_core.package_identification:_identify(joy_mux_controller_cpp) by extension 'colcon_meta'
[4.240s] Level 1:colcon.colcon_core.package_identification:_identify(joy_mux_controller_cpp) by extensions ['ros']
[4.240s] Level 1:colcon.colcon_core.package_identification:_identify(joy_mux_controller_cpp) by extension 'ros'
[4.243s] DEBUG:colcon.colcon_core.package_identification:Package 'joy_mux_controller_cpp' with type 'ros.ament_cmake' and name 'joy_mux_controller_cpp'
[4.244s] Level 1:colcon.colcon_core.package_identification:_identify(joy_mux_controller_py) by extensions ['ignore', 'ignore_ament_install']
[4.244s] Level 1:colcon.colcon_core.package_identification:_identify(joy_mux_controller_py) by extension 'ignore'
[4.244s] Level 1:colcon.colcon_core.package_identification:_identify(joy_mux_controller_py) by extension 'ignore_ament_install'
[4.244s] Level 1:colcon.colcon_core.package_identification:_identify(joy_mux_controller_py) by extensions ['colcon_pkg']
[4.244s] Level 1:colcon.colcon_core.package_identification:_identify(joy_mux_controller_py) by extension 'colcon_pkg'
[4.244s] Level 1:colcon.colcon_core.package_identification:_identify(joy_mux_controller_py) by extensions ['colcon_meta']
[4.244s] Level 1:colcon.colcon_core.package_identification:_identify(joy_mux_controller_py) by extension 'colcon_meta'
[4.244s] Level 1:colcon.colcon_core.package_identification:_identify(joy_mux_controller_py) by extensions ['ros']
[4.244s] Level 1:colcon.colcon_core.package_identification:_identify(joy_mux_controller_py) by extension 'ros'
[4.247s] DEBUG:colcon.colcon_core.package_identification:Package 'joy_mux_controller_py' with type 'ros.ament_python' and name 'joy_mux_controller_py'
[4.247s] Level 1:colcon.colcon_core.package_identification:_identify(log) by extensions ['ignore', 'ignore_ament_install']
[4.248s] Level 1:colcon.colcon_core.package_identification:_identify(log) by extension 'ignore'
[4.248s] Level 1:colcon.colcon_core.package_identification:_identify(log) ignored
[4.248s] Level 1:colcon.colcon_core.package_identification:_identify(ouster-ros) by extensions ['ignore', 'ignore_ament_install']
[4.249s] Level 1:colcon.colcon_core.package_identification:_identify(ouster-ros) by extension 'ignore'
[4.249s] Level 1:colcon.colcon_core.package_identification:_identify(ouster-ros) by extension 'ignore_ament_install'
[4.249s] Level 1:colcon.colcon_core.package_identification:_identify(ouster-ros) by extensions ['colcon_pkg']
[4.249s] Level 1:colcon.colcon_core.package_identification:_identify(ouster-ros) by extension 'colcon_pkg'
[4.249s] Level 1:colcon.colcon_core.package_identification:_identify(ouster-ros) by extensions ['colcon_meta']
[4.249s] Level 1:colcon.colcon_core.package_identification:_identify(ouster-ros) by extension 'colcon_meta'
[4.249s] Level 1:colcon.colcon_core.package_identification:_identify(ouster-ros) by extensions ['ros']
[4.249s] Level 1:colcon.colcon_core.package_identification:_identify(ouster-ros) by extension 'ros'
[4.249s] Level 1:colcon.colcon_core.package_identification:_identify(ouster-ros) by extensions ['cmake', 'python']
[4.250s] Level 1:colcon.colcon_core.package_identification:_identify(ouster-ros) by extension 'cmake'
[4.250s] Level 1:colcon.colcon_core.package_identification:_identify(ouster-ros) by extension 'python'
[4.250s] Level 1:colcon.colcon_core.package_identification:_identify(ouster-ros) by extensions ['python_setup_py']
[4.250s] Level 1:colcon.colcon_core.package_identification:_identify(ouster-ros) by extension 'python_setup_py'
[4.251s] Level 1:colcon.colcon_core.package_identification:_identify(ouster-ros/docs) by extensions ['ignore', 'ignore_ament_install']
[4.251s] Level 1:colcon.colcon_core.package_identification:_identify(ouster-ros/docs) by extension 'ignore'
[4.251s] Level 1:colcon.colcon_core.package_identification:_identify(ouster-ros/docs) by extension 'ignore_ament_install'
[4.251s] Level 1:colcon.colcon_core.package_identification:_identify(ouster-ros/docs) by extensions ['colcon_pkg']
[4.251s] Level 1:colcon.colcon_core.package_identification:_identify(ouster-ros/docs) by extension 'colcon_pkg'
[4.251s] Level 1:colcon.colcon_core.package_identification:_identify(ouster-ros/docs) by extensions ['colcon_meta']
[4.251s] Level 1:colcon.colcon_core.package_identification:_identify(ouster-ros/docs) by extension 'colcon_meta'
[4.251s] Level 1:colcon.colcon_core.package_identification:_identify(ouster-ros/docs) by extensions ['ros']
[4.251s] Level 1:colcon.colcon_core.package_identification:_identify(ouster-ros/docs) by extension 'ros'
[4.252s] Level 1:colcon.colcon_core.package_identification:_identify(ouster-ros/docs) by extensions ['cmake', 'python']
[4.252s] Level 1:colcon.colcon_core.package_identification:_identify(ouster-ros/docs) by extension 'cmake'
[4.252s] Level 1:colcon.colcon_core.package_identification:_identify(ouster-ros/docs) by extension 'python'
[4.252s] Level 1:colcon.colcon_core.package_identification:_identify(ouster-ros/docs) by extensions ['python_setup_py']
[4.252s] Level 1:colcon.colcon_core.package_identification:_identify(ouster-ros/docs) by extension 'python_setup_py'
[4.253s] Level 1:colcon.colcon_core.package_identification:_identify(ouster-ros/docs/images) by extensions ['ignore', 'ignore_ament_install']
[4.253s] Level 1:colcon.colcon_core.package_identification:_identify(ouster-ros/docs/images) by extension 'ignore'
[4.253s] Level 1:colcon.colcon_core.package_identification:_identify(ouster-ros/docs/images) by extension 'ignore_ament_install'
[4.253s] Level 1:colcon.colcon_core.package_identification:_identify(ouster-ros/docs/images) by extensions ['colcon_pkg']
[4.254s] Level 1:colcon.colcon_core.package_identification:_identify(ouster-ros/docs/images) by extension 'colcon_pkg'
[4.254s] Level 1:colcon.colcon_core.package_identification:_identify(ouster-ros/docs/images) by extensions ['colcon_meta']
[4.254s] Level 1:colcon.colcon_core.package_identification:_identify(ouster-ros/docs/images) by extension 'colcon_meta'
[4.254s] Level 1:colcon.colcon_core.package_identification:_identify(ouster-ros/docs/images) by extensions ['ros']
[4.254s] Level 1:colcon.colcon_core.package_identification:_identify(ouster-ros/docs/images) by extension 'ros'
[4.254s] Level 1:colcon.colcon_core.package_identification:_identify(ouster-ros/docs/images) by extensions ['cmake', 'python']
[4.254s] Level 1:colcon.colcon_core.package_identification:_identify(ouster-ros/docs/images) by extension 'cmake'
[4.254s] Level 1:colcon.colcon_core.package_identification:_identify(ouster-ros/docs/images) by extension 'python'
[4.254s] Level 1:colcon.colcon_core.package_identification:_identify(ouster-ros/docs/images) by extensions ['python_setup_py']
[4.254s] Level 1:colcon.colcon_core.package_identification:_identify(ouster-ros/docs/images) by extension 'python_setup_py'
[4.255s] Level 1:colcon.colcon_core.package_identification:_identify(ouster-ros/ouster-ros) by extensions ['ignore', 'ignore_ament_install']
[4.256s] Level 1:colcon.colcon_core.package_identification:_identify(ouster-ros/ouster-ros) by extension 'ignore'
[4.256s] Level 1:colcon.colcon_core.package_identification:_identify(ouster-ros/ouster-ros) by extension 'ignore_ament_install'
[4.256s] Level 1:colcon.colcon_core.package_identification:_identify(ouster-ros/ouster-ros) by extensions ['colcon_pkg']
[4.256s] Level 1:colcon.colcon_core.package_identification:_identify(ouster-ros/ouster-ros) by extension 'colcon_pkg'
[4.256s] Level 1:colcon.colcon_core.package_identification:_identify(ouster-ros/ouster-ros) by extensions ['colcon_meta']
[4.256s] Level 1:colcon.colcon_core.package_identification:_identify(ouster-ros/ouster-ros) by extension 'colcon_meta'
[4.256s] Level 1:colcon.colcon_core.package_identification:_identify(ouster-ros/ouster-ros) by extensions ['ros']
[4.256s] Level 1:colcon.colcon_core.package_identification:_identify(ouster-ros/ouster-ros) by extension 'ros'
[4.262s] DEBUG:colcon.colcon_core.package_identification:Package 'ouster-ros/ouster-ros' with type 'ros.ament_cmake' and name 'ouster_ros'
[4.263s] Level 1:colcon.colcon_core.package_identification:_identify(ouster-ros/ouster-sensor-msgs) by extensions ['ignore', 'ignore_ament_install']
[4.263s] Level 1:colcon.colcon_core.package_identification:_identify(ouster-ros/ouster-sensor-msgs) by extension 'ignore'
[4.264s] Level 1:colcon.colcon_core.package_identification:_identify(ouster-ros/ouster-sensor-msgs) by extension 'ignore_ament_install'
[4.264s] Level 1:colcon.colcon_core.package_identification:_identify(ouster-ros/ouster-sensor-msgs) by extensions ['colcon_pkg']
[4.264s] Level 1:colcon.colcon_core.package_identification:_identify(ouster-ros/ouster-sensor-msgs) by extension 'colcon_pkg'
[4.264s] Level 1:colcon.colcon_core.package_identification:_identify(ouster-ros/ouster-sensor-msgs) by extensions ['colcon_meta']
[4.264s] Level 1:colcon.colcon_core.package_identification:_identify(ouster-ros/ouster-sensor-msgs) by extension 'colcon_meta'
[4.264s] Level 1:colcon.colcon_core.package_identification:_identify(ouster-ros/ouster-sensor-msgs) by extensions ['ros']
[4.264s] Level 1:colcon.colcon_core.package_identification:_identify(ouster-ros/ouster-sensor-msgs) by extension 'ros'
[4.266s] DEBUG:colcon.colcon_core.package_identification:Package 'ouster-ros/ouster-sensor-msgs' with type 'ros.ament_cmake' and name 'ouster_sensor_msgs'
[4.267s] Level 1:colcon.colcon_core.package_identification:_identify(test) by extensions ['ignore', 'ignore_ament_install']
[4.267s] Level 1:colcon.colcon_core.package_identification:_identify(test) by extension 'ignore'
[4.267s] Level 1:colcon.colcon_core.package_identification:_identify(test) by extension 'ignore_ament_install'
[4.267s] Level 1:colcon.colcon_core.package_identification:_identify(test) by extensions ['colcon_pkg']
[4.267s] Level 1:colcon.colcon_core.package_identification:_identify(test) by extension 'colcon_pkg'
[4.267s] Level 1:colcon.colcon_core.package_identification:_identify(test) by extensions ['colcon_meta']
[4.267s] Level 1:colcon.colcon_core.package_identification:_identify(test) by extension 'colcon_meta'
[4.268s] Level 1:colcon.colcon_core.package_identification:_identify(test) by extensions ['ros']
[4.268s] Level 1:colcon.colcon_core.package_identification:_identify(test) by extension 'ros'
[4.271s] DEBUG:colcon.colcon_core.package_identification:Package 'test' with type 'ros.ament_cmake' and name 'object_recognition'
[4.272s] Level 1:colcon.colcon_core.package_identification:_identify(test-autonomous-typing) by extensions ['ignore', 'ignore_ament_install']
[4.272s] Level 1:colcon.colcon_core.package_identification:_identify(test-autonomous-typing) by extension 'ignore'
[4.272s] Level 1:colcon.colcon_core.package_identification:_identify(test-autonomous-typing) by extension 'ignore_ament_install'
[4.272s] Level 1:colcon.colcon_core.package_identification:_identify(test-autonomous-typing) by extensions ['colcon_pkg']
[4.272s] Level 1:colcon.colcon_core.package_identification:_identify(test-autonomous-typing) by extension 'colcon_pkg'
[4.272s] Level 1:colcon.colcon_core.package_identification:_identify(test-autonomous-typing) by extensions ['colcon_meta']
[4.273s] Level 1:colcon.colcon_core.package_identification:_identify(test-autonomous-typing) by extension 'colcon_meta'
[4.273s] Level 1:colcon.colcon_core.package_identification:_identify(test-autonomous-typing) by extensions ['ros']
[4.273s] Level 1:colcon.colcon_core.package_identification:_identify(test-autonomous-typing) by extension 'ros'
[4.273s] Level 1:colcon.colcon_core.package_identification:_identify(test-autonomous-typing) by extensions ['cmake', 'python']
[4.273s] Level 1:colcon.colcon_core.package_identification:_identify(test-autonomous-typing) by extension 'cmake'
[4.273s] Level 1:colcon.colcon_core.package_identification:_identify(test-autonomous-typing) by extension 'python'
[4.273s] Level 1:colcon.colcon_core.package_identification:_identify(test-autonomous-typing) by extensions ['python_setup_py']
[4.273s] Level 1:colcon.colcon_core.package_identification:_identify(test-autonomous-typing) by extension 'python_setup_py'
[4.274s] Level 1:colcon.colcon_core.package_identification:_identify(usb_cam) by extensions ['ignore', 'ignore_ament_install']
[4.274s] Level 1:colcon.colcon_core.package_identification:_identify(usb_cam) by extension 'ignore'
[4.274s] Level 1:colcon.colcon_core.package_identification:_identify(usb_cam) by extension 'ignore_ament_install'
[4.275s] Level 1:colcon.colcon_core.package_identification:_identify(usb_cam) by extensions ['colcon_pkg']
[4.275s] Level 1:colcon.colcon_core.package_identification:_identify(usb_cam) by extension 'colcon_pkg'
[4.275s] Level 1:colcon.colcon_core.package_identification:_identify(usb_cam) by extensions ['colcon_meta']
[4.275s] Level 1:colcon.colcon_core.package_identification:_identify(usb_cam) by extension 'colcon_meta'
[4.275s] Level 1:colcon.colcon_core.package_identification:_identify(usb_cam) by extensions ['ros']
[4.275s] Level 1:colcon.colcon_core.package_identification:_identify(usb_cam) by extension 'ros'
[4.293s] DEBUG:colcon.colcon_core.package_identification:Package 'usb_cam' with type 'ros.ament_cmake' and name 'usb_cam'
[4.294s] Level 1:colcon.colcon_core.package_identification:_identify(wheels_controller) by extensions ['ignore', 'ignore_ament_install']
[4.294s] Level 1:colcon.colcon_core.package_identification:_identify(wheels_controller) by extension 'ignore'
[4.294s] Level 1:colcon.colcon_core.package_identification:_identify(wheels_controller) by extension 'ignore_ament_install'
[4.294s] Level 1:colcon.colcon_core.package_identification:_identify(wheels_controller) by extensions ['colcon_pkg']
[4.294s] Level 1:colcon.colcon_core.package_identification:_identify(wheels_controller) by extension 'colcon_pkg'
[4.294s] Level 1:colcon.colcon_core.package_identification:_identify(wheels_controller) by extensions ['colcon_meta']
[4.295s] Level 1:colcon.colcon_core.package_identification:_identify(wheels_controller) by extension 'colcon_meta'
[4.295s] Level 1:colcon.colcon_core.package_identification:_identify(wheels_controller) by extensions ['ros']
[4.295s] Level 1:colcon.colcon_core.package_identification:_identify(wheels_controller) by extension 'ros'
[4.297s] DEBUG:colcon.colcon_core.package_identification:Package 'wheels_controller' with type 'ros.ament_cmake' and name 'wheels_controller'
[4.297s] Level 1:colcon.colcon_core.package_discovery:discover_packages(recursive) using defaults
[4.298s] Level 1:colcon.colcon_core.package_discovery:discover_packages(ignore) discover
[4.298s] Level 1:colcon.colcon_core.package_discovery:discover_packages(ignore) using defaults
[4.298s] Level 1:colcon.colcon_core.package_discovery:discover_packages(path) discover
[4.298s] Level 1:colcon.colcon_core.package_discovery:discover_packages(path) using defaults
[4.299s] WARNING:colcon.colcon_core.package_selection:ignoring unknown package 'test' in --packages-select
[4.379s] INFO:colcon.colcon_core.package_selection:Skipping not selected package 'absenc_interface' in 'absenc_interface'
[4.379s] INFO:colcon.colcon_core.package_selection:Skipping not selected package 'arm_controller' in 'arm_controller'
[4.379s] INFO:colcon.colcon_core.package_selection:Skipping not selected package 'arm_hardware' in 'inverse-kinematics/arm_hardware'
[4.379s] INFO:colcon.colcon_core.package_selection:Skipping not selected package 'gps_py' in 'gps_py'
[4.379s] INFO:colcon.colcon_core.package_selection:Skipping not selected package 'ik_mux_controller' in 'inverse-kinematics/ik_mux_controller'
[4.379s] INFO:colcon.colcon_core.package_selection:Skipping not selected package 'joy_mux_controller' in 'joy_mux_controller'
[4.379s] INFO:colcon.colcon_core.package_selection:Skipping not selected package 'joy_mux_controller_cpp' in 'joy_mux_controller_cpp'
[4.380s] INFO:colcon.colcon_core.package_selection:Skipping not selected package 'joy_mux_controller_py' in 'joy_mux_controller_py'
[4.380s] INFO:colcon.colcon_core.package_selection:Skipping not selected package 'object_recognition' in 'test'
[4.380s] INFO:colcon.colcon_core.package_selection:Skipping not selected package 'ouster_sensor_msgs' in 'ouster-ros/ouster-sensor-msgs'
[4.380s] INFO:colcon.colcon_core.package_selection:Skipping not selected package 'rover_arm_description' in 'inverse-kinematics/rover_arm_description'
[4.380s] INFO:colcon.colcon_core.package_selection:Skipping not selected package 'usb_cam' in 'usb_cam'
[4.380s] INFO:colcon.colcon_core.package_selection:Skipping not selected package 'wheels_controller' in 'wheels_controller'
[4.380s] INFO:colcon.colcon_core.package_selection:Skipping not selected package 'ouster_ros' in 'ouster-ros/ouster-ros'
[4.380s] INFO:colcon.colcon_core.package_selection:Skipping not selected package 'rover_arm_moveit_config' in 'inverse-kinematics/rover_arm_moveit_config'
[4.382s] Level 1:colcon.colcon_core.package_discovery:discover_packages(prefix_path) check parameters
[4.382s] Level 1:colcon.colcon_core.package_discovery:discover_packages(prefix_path) discover
[4.387s] WARNING:colcon.colcon_ros.prefix_path.ament:The path '/home/liliana/ros2_ws/robot-repo-ros2/src/inverse-kinematics/install/rover_arm_moveit_config' in the environment variable AMENT_PREFIX_PATH doesn't contain any 'local_setup.*' files.
[4.388s] WARNING:colcon.colcon_ros.prefix_path.ament:The path '/home/liliana/ros2_ws/robot-repo-ros2/src/inverse-kinematics/install/rover_arm_description' in the environment variable AMENT_PREFIX_PATH doesn't exist
[4.388s] WARNING:colcon.colcon_ros.prefix_path.ament:The path '/home/liliana/ros2_ws/robot-repo-ros2/src/inverse-kinematics/install/rover_arm_bringup' in the environment variable AMENT_PREFIX_PATH doesn't contain any 'local_setup.*' files.
[4.424s] WARNING:colcon.colcon_ros.prefix_path.catkin:The path '/home/liliana/ros2_ws/robot-repo-ros2/src/inverse-kinematics/install/rover_arm_description' in the environment variable CMAKE_PREFIX_PATH doesn't exist
[4.429s] DEBUG:colcon.colcon_installed_package_information.package_discovery:Found 8 installed packages in /home/liliana/ros2_ws/install
[4.434s] DEBUG:colcon.colcon_installed_package_information.package_discovery:Found 45 installed packages in /home/liliana/ws_moveit/install
[4.437s] DEBUG:colcon.colcon_installed_package_information.package_discovery:Found 3 installed packages in /home/liliana/install
[4.444s] DEBUG:colcon.colcon_installed_package_information.package_discovery:Found 419 installed packages in /opt/ros/humble
[4.454s] Level 1:colcon.colcon_core.package_discovery:discover_packages(prefix_path) using defaults
[4.720s] INFO:colcon.colcon_core.executor:Executing jobs using 'parallel' executor
[4.722s] DEBUG:colcon.colcon_parallel_executor.executor.parallel:run_until_complete
[4.722s] DEBUG:colcon.colcon_parallel_executor.executor.parallel:closing loop
[4.724s] DEBUG:colcon.colcon_parallel_executor.executor.parallel:loop closed
[4.724s] DEBUG:colcon.colcon_parallel_executor.executor.parallel:run_until_complete finished with '0'
[4.724s] DEBUG:colcon.colcon_core.event_reactor:joining thread
[4.745s] INFO:colcon.colcon_core.plugin_system:Skipping extension 'colcon_notification.desktop_notification.terminal_notifier': Not used on non-Darwin systems
[4.745s] INFO:colcon.colcon_core.plugin_system:Skipping extension 'colcon_notification.desktop_notification.win32': Not used on non-Windows systems
[4.745s] INFO:colcon.colcon_notification.desktop_notification:Sending desktop notification using 'notify2'
[4.780s] DEBUG:colcon.colcon_core.event_reactor:joined thread
[4.793s] INFO:colcon.colcon_core.plugin_system:Skipping extension 'colcon_core.shell.bat': Not used on non-Windows systems
[4.793s] INFO:colcon.colcon_core.shell:Creating prefix script '/home/liliana/ros2_ws/robot-repo-ros2/src/install/local_setup.ps1'
[4.797s] INFO:colcon.colcon_core.shell:Creating prefix util module '/home/liliana/ros2_ws/robot-repo-ros2/src/install/_local_setup_util_ps1.py'
[4.802s] INFO:colcon.colcon_core.shell:Creating prefix chain script '/home/liliana/ros2_ws/robot-repo-ros2/src/install/setup.ps1'
[4.813s] INFO:colcon.colcon_core.shell:Creating prefix script '/home/liliana/ros2_ws/robot-repo-ros2/src/install/local_setup.sh'
[4.815s] INFO:colcon.colcon_core.shell:Creating prefix util module '/home/liliana/ros2_ws/robot-repo-ros2/src/install/_local_setup_util_sh.py'
[4.817s] INFO:colcon.colcon_core.shell:Creating prefix chain script '/home/liliana/ros2_ws/robot-repo-ros2/src/install/setup.sh'
[4.825s] INFO:colcon.colcon_core.shell:Creating prefix script '/home/liliana/ros2_ws/robot-repo-ros2/src/install/local_setup.bash'
[4.827s] INFO:colcon.colcon_core.shell:Creating prefix chain script '/home/liliana/ros2_ws/robot-repo-ros2/src/install/setup.bash'
[4.836s] INFO:colcon.colcon_core.shell:Creating prefix script '/home/liliana/ros2_ws/robot-repo-ros2/src/install/local_setup.zsh'
[4.838s] INFO:colcon.colcon_core.shell:Creating prefix chain script '/home/liliana/ros2_ws/robot-repo-ros2/src/install/setup.zsh'
